eco,opening,rating_band,games,white_win_rate,pct_of_band
A00,Van't Kruijs Opening,1200-1600,36522,0.4577788730080499,3.0153243071202174
B01,Scandinavian Defense: Mieses-Kotroc Variation,1200-1600,28829,0.5682125637379029,2.3801759063021946
B01,Scandinavian Defense,1200-1600,27185,0.4604009564097848,2.2444442059323997
C20,King's Pawn Game: Wayward Queen Attack,1200-1600,25387,0.5094339622641509,2.0959979788856296
C41,Philidor Defense #3,1200-1600,20124,0.5459650168952495,1.6614749016069015
D00,Queen's Pawn Game #2,1200-1600,19188,0.4890035438815927,1.5841969992065805
C41,Philidor Defense #2,1200-1600,18551,0.5014823998706269,1.531605093406362
A40,Horwitz Defense,1200-1600,18423,0.5068664169787765,1.5210371751293952
C00,French Defense: Knight Variation,1200-1600,17982,0.4934934934934935,1.4846273941907824
C20,King's Pawn Game: Leonardis Variation,1200-1600,17881,0.45668586768077846,1.476288646175363
C23,Bishop's Opening,1200-1600,15936,0.5470005020080321,1.3157058254823883
B20,Sicilian Defense: Bowdler Attack,1200-1600,14930,0.45860683188211654,1.2326485927743511
B00,Owen Defense,1200-1600,13365,0.5070707070707071,1.1034392794661219
B20,Sicilian Defense,1200-1600,11917,0.4129394981958547,0.9838897039579331
D00,Queen's Pawn Game,1200-1600,11854,0.4340307069343681,0.9786883066809884
A00,Hungarian Opening,1200-1600,11301,0.48101937881603396,0.9330315972500294
B06,Modern Defense,1200-1600,11080,0.49855595667870034,0.9147854258499536
C55,Italian Game: Anti-Fried Liver Defense,1200-1600,9971,0.5116838832614582,0.8232243214034195
C50,Italian Game,1200-1600,9654,0.5764449968924799,0.7970522112956185
C00,French Defense: Normal Variation,1200-1600,9643,0.5337550554806595,0.7961440308186917
D00,Queen's Pawn Game: Mason Attack,1200-1600,9619,0.529784800914856,0.7941625461417603
B07,Pirc Defense #4,1200-1600,9330,0.4984994640943194,0.7703021681570459
C00,French Defense #2,1200-1600,8702,0.43714088715237875,0.7184533191106767
C44,Scotch Game,1200-1600,8650,0.5685549132947977,0.7141601023106587
B10,Caro-Kann Defense,1200-1600,8329,0.4669227998559251,0.6876577447567026
C41,Philidor Defense,1200-1600,8295,0.5533453887884268,0.6848506414643832
D02,Queen's Pawn Game: Zukertort Variation,1200-1600,8277,0.5328017397607829,0.6833645279566847
C20,King's Pawn Game: Napoleon Attack,1200-1600,8230,0.4905224787363305,0.6794841204643609
C45,Scotch Game,1200-1600,8078,0.5131220599158207,0.6669347175104627
D02,Queen's Pawn Game: Chigorin Variation,1200-1600,7966,0.5263620386643234,0.6576877890181165
C40,King's Pawn Game: McConnell Defense,1200-1600,7911,0.527619769940589,0.6531468866334823
B30,Sicilian Defense: Old Sicilian,1200-1600,7803,0.47853389721901834,0.6442302055872915
C24,Bishop's Opening: Berlin Defense,1200-1600,7733,0.5022630285788181,0.6384508752795751
C46,Three Knights Opening,1200-1600,7141,0.49558885310180645,0.5895742532486028
C40,King's Pawn Game: Damiano Defense,1200-1600,7133,0.6245618954156736,0.5889137583562923
C20,King's Pawn Game,1200-1600,6962,0.30379201378914106,0.5747956800331568
C40,King's Pawn Game: Busch-Gass Gambit,1200-1600,6900,0.5418840579710145,0.5696768446177509
B50,Sicilian Defense,1200-1600,6871,0.4681996798137098,0.5672825506331257
A45,Indian Game,1200-1600,6814,0.4615497505136484,0.5625765245254137
D06,Queen's Gambit Refused: Marshall Defense,1200-1600,6599,0.5541748749810578,0.5448257242945709
B21,Sicilian Defense: Smith-Morra Gambit #2,1200-1600,6582,0.4457611668185962,0.5434221726484111
D20,Queen's Gambit Accepted: Old Variation,1200-1600,6493,0.5917141537039889,0.5360741669714575
C42,Russian Game: Three Knights Game,1200-1600,6364,0.5540540540540541,0.5254236868329517
D00,Queen's Pawn Game: Chigorin Variation,1200-1600,6320,0.48860759493670886,0.5217909649252443
A40,Queen's Pawn,1200-1600,6283,0.5654941906732452,0.5187361760483086
A00,Mieses Opening,1200-1600,6157,0.44778301120675656,0.5083333814944193
C62,Ruy Lopez: Steinitz Defense,1200-1600,5956,0.49949630624580255,0.49173844732511957
A40,Modern Defense,1200-1600,5926,0.4811002362470469,0.4892615914789554
C21,Center Game #2,1200-1600,5917,0.5580530674328207,0.48851853472510615
C42,Russian Game: Urusov Gambit,1200-1600,5819,0.5616085238013404,0.4804274722943033
D30,Queen's Gambit Declined,1200-1600,5797,0.5140589960324305,0.4786111113404496
C40,King's Knight Opening,1200-1600,5779,0.6532272019380516,0.4771249978327511
C46,Four Knights Game: Italian Variation,1200-1600,5731,0.5199790612458559,0.4731620284788885
C44,King's Knight Opening: Normal Variation,1200-1600,5659,0.41632797314013076,0.46721757444809464
C20,"King's Pawn Game: Wayward Queen Attack, Kiddie Countergambit",1200-1600,5371,0.47533047849562465,0.4434397583249189
C22,Center Game: Normal Variation,1200-1600,5212,0.3718342287029931,0.430312422340249
A40,English Defense #2,1200-1600,4797,0.5019804044194288,0.39604924980164513
C27,Vienna Game,1200-1600,4711,0.514540437274464,0.38894892970930794
C02,French Defense: Advance Variation #3,1200-1600,4643,0.5561059659702778,0.3833347231246692
B01,Scandinavian Defense: Main Line,1200-1600,4611,0.514422034265886,0.3806927435554275
D01,Queen's Pawn Game: Chigorin Variation,1200-1600,4588,0.468613775065388,0.378793820740035
D00,Queen's Pawn Game #3,1200-1600,4504,0.4547069271758437,0.3718586243707754
A20,English Opening: King's English Variation,1200-1600,4441,0.5061922990317496,0.36665722709383075
C40,Elephant Gambit,1200-1600,4368,0.5583791208791209,0.360630211201498
D20,Queen's Gambit Accepted,1200-1600,4269,0.5657062543921293,0.3524565869091563
B00,Nimzowitsch Defense,1200-1600,4219,0.4979853045745437,0.34832849383221615
A06,Zukertort Opening: Tennison Gambit,1200-1600,4214,0.45965828191741814,0.3479156845245221
A40,"Englund Gambit Declined, Reversed French",1200-1600,4183,0.46186947167104947,0.3453562668168192
A41,Queen's Pawn,1200-1600,4050,0.5202469135802469,0.3343755392321582
B40,Sicilian Defense: French Variation,1200-1600,4013,0.44729628706703217,0.3313207503552224
C65,Ruy Lopez: Berlin Defense #2,1200-1600,3961,0.5273920727089119,0.3270275335552046
B06,Robatsch (Modern) Defense,1200-1600,3887,0.5009004373552869,0.32091795580133303
C00,Rat Defense: Small Center Defense,1200-1600,3849,0.5305274097168096,0.3177806050628585
C00,French Defense: Steinitz Attack,1200-1600,3786,0.49498151082937136,0.3125792077859138
A00,Polish Opening,1200-1600,3744,0.5064102564102564,0.30911160960128403
C20,English Opening: The Whale,1200-1600,3712,0.4682112068965517,0.30646963003204225
B07,King's Pawn Game: Maroczy Defense,1200-1600,3699,0.5604217356042174,0.3053963258320378
A40,Englund Gambit,1200-1600,3690,0.5650406504065041,0.30465326907818857
B21,Sicilian Defense: McDonnell Attack,1200-1600,3515,0.4910384068278805,0.2902049433088978
C42,Petrov's Defense,1200-1600,3485,0.48923959827833574,0.28772808746273365
C50,Giuoco Piano,1200-1600,3456,0.4586226851851852,0.2853337934781083
A00,Saragossa Opening,1200-1600,3454,0.45078170237405907,0.2851686697550307
C30,King's Gambit,1200-1600,3358,0.5955926146515783,0.2772427310473055
C20,King's Pawn Game: Macleod Attack,1200-1600,3332,0.45588235294117646,0.27509612264729655
A40,Mikenas Defense,1200-1600,3243,0.5710761640456368,0.26774811697034295
C55,"Italian Game: Two Knights Defense, Modern Bishop's Opening",1200-1600,3171,0.532639545884579,0.26180366293954904
C20,Bishop's Opening: Boi Variation,1200-1600,3162,0.5423782416192283,0.2610606061856998
B20,Sicilian Defense: Staunton-Cochrane Variation,1200-1600,3128,0.4328644501278772,0.25825350289338045
B00,"Nimzowitsch Defense: Kennedy Variation, Linksspringer Variation",1200-1600,3121,0.5885933995514259,0.2576755698626088
A00,Van Geet Opening,1200-1600,3109,0.45223544548086203,0.2566848275241432
C01,French Defense: Exchange Variation,1200-1600,3065,0.5011419249592169,0.25305210561643576
A43,Old Benoni Defense,1200-1600,3031,0.4599142197294622,0.2502450023241164
B02,Alekhine Defense,1200-1600,3002,0.5676215856095936,0.24785070833949108
A02,Bird Opening,1200-1600,2964,0.4773954116059379,0.2447133576010165
C00,French Defense: Queen's Knight,1200-1600,2927,0.4902630679877007,0.24165856872408073
C20,King's Pawn Game: King's Head Opening #2,1200-1600,2901,0.39986211651154774,0.2395119603240718
B22,Sicilian Defense: Alapin Variation,1200-1600,2878,0.5107713690062543,0.2376130375086793
C00,French Defense: King's Indian Attack,1200-1600,2864,0.4622905027932961,0.23645717144713604
A10,English Opening: Anglo-Scandinavian Defense,1200-1600,2743,0.5570543200874954,0.22646718620094072
B23,Sicilian Defense: Closed Variation,1200-1600,2741,0.4837650492520978,0.22630206247786308
C50,Four Knights Game: Italian Variation,1200-1600,2711,0.4968646255994098,0.22382520663169897
D31,Queen's Gambit Declined: Queen's Knight Variation,1200-1600,2698,0.5845070422535211,0.22275190243169452
B00,"Nimzowitsch Defense: Scandinavian Variation, Advance Variation",1200-1600,2683,0.5311218784942229,0.22151347450861245
B00,St. George Defense,1200-1600,2667,0.5140607424071991,0.22019248472399158
C41,Philidor Defense: Exchange Variation #2,1200-1600,2639,0.5202728306176582,0.21788075260090506
C60,Ruy Lopez,1200-1600,2633,0.5457652867451576,0.21738538143167221
A04,Zukertort Opening: Queen's Gambit Invitation,1200-1600,2631,0.5089319650323071,0.2172202577085946
C50,"Italian Game: Giuoco Pianissimo, Normal",1200-1600,2630,0.5049429657794677,0.2171376958470558
B01,Scandinavian Defense: Modern Variation #2,1200-1600,2628,0.4889649923896499,0.2169725721239782
C00,French Defense: La Bourdonnais Variation,1200-1600,2607,0.5063291139240507,0.2152387730316633
C30,"King's Gambit Declined, Queen's Knight Defense",1200-1600,2597,0.5463996919522526,0.21441315441627526
C42,Russian Game: Damiano Variation,1200-1600,2592,0.6693672839506173,0.21400034510858124
C46,Four Knights Game,1200-1600,2515,0.4170974155069582,0.20764308177009327
A21,"English Opening: King's English Variation, Reversed Sicilian",1200-1600,2490,0.5465863453815261,0.2055790352316232
B07,Pirc Defense #5,1200-1600,2471,0.5305544314042897,0.2040103598623859
A03,Bird Opening: Dutch Variation,1200-1600,2431,0.4796380090497738,0.2007078854008337
C34,"King's Gambit Accepted, MacLeod Defense",1200-1600,2413,0.5719021964359718,0.19922177189313525
C68,Ruy Lopez: Exchange Variation,1200-1600,2410,0.487551867219917,0.19897408630851882
A01,Nimzo-Larsen Attack: Classical Variation,1200-1600,2359,0.4862229758372192,0.1947634313700398
C57,"Italian Game: Two Knights Defense, Knight Attack, Normal Variation",1200-1600,2343,0.5134443021766966,0.1934424415854189
A00,Grob Opening,1200-1600,2330,0.43648068669527895,0.19236913738541447
C61,Ruy Lopez: Bird Variation,1200-1600,2307,0.5093194625054183,0.19047021457002195
A00,Mieses Opening: Reversed Rat,1200-1600,2279,0.4313295304958315,0.18815848244693542
C02,"French Defense: Advance Variation, Nimzowitsch System",1200-1600,2234,0.41942703670546105,0.18444319867768924
C47,Four Knights Game: Scotch Variation Accepted,1200-1600,2214,0.48870822041553746,0.18279196144691312
B00,Caro-Kann Defense: Hillbilly Attack,1200-1600,2210,0.4502262443438914,0.18246171400075792
D02,Queen's Pawn Game: Symmetrical Variation,1200-1600,2200,0.46863636363636363,0.18163609538536987
B12,Caro-Kann Defense: Advance Variation,1200-1600,2199,0.5034106412005457,0.18155353352383108
A00,Kadas Opening,1200-1600,2199,0.394724874943156,0.18155353352383108
D04,Queen's Pawn Game: Colle System,1200-1600,2199,0.5006821282401092,0.18155353352383108
A01,Nimzo-Larsen Attack,1200-1600,2189,0.5335769757880311,0.18072791490844303
C42,Petrov's Defense #2,1200-1600,2180,0.5114678899082569,0.17998485815459378
A13,English Opening: Agincourt Defense,1200-1600,2063,0.5341735336888027,0.17032512035455366
C60,Ruy Lopez: Cozio Defense,1200-1600,2029,0.5150320354854608,0.16751801706223432
D10,Slav Defense,1200-1600,2005,0.48079800498753117,0.165536532385303
D10,Slav Defense #2,1200-1600,2000,0.516,0.16512372307760897
C44,Ponziani Opening: Jaenisch Counterattack,1200-1600,1998,0.45095095095095095,0.16495859935453136
C46,Three Knights Opening #2,1200-1600,1994,0.4704112337011033,0.16462835190837616
A00,Van Geet Opening: Reversed Nimzowitsch,1200-1600,1980,0.4409090909090909,0.16347248584683288
B25,"Sicilian Defense: Closed Variation, Traditional",1200-1600,1905,0.4430446194225722,0.15728034623142256
C64,Ruy Lopez: Classical Variation,1200-1600,1905,0.48136482939632547,0.15728034623142256
B30,Sicilian Defense: Nyezhmetdinov-Rossolimo Attack,1200-1600,1897,0.5002635740643121,0.1566198513391121
D00,Queen's Pawn Game: Levitsky Attack,1200-1600,1892,0.5528541226215645,0.15620704203141808
C50,Italian Game: Schilling-Kostic Gambit,1200-1600,1892,0.4429175475687104,0.15620704203141808
A43,Benoni Defense: Benoni Gambit Accepted,1200-1600,1892,0.452431289640592,0.15620704203141808
B00,"Nimzowitsch Defense, Declined Variation",1200-1600,1888,0.5534957627118644,0.15587679458526288
C21,Center Game,1200-1600,1876,0.470682302771855,0.15488605224679722
C26,Vienna Game: Stanley Variation,1200-1600,1867,0.5549009105516872,0.154142995492948
C44,Ponziani Opening,1200-1600,1866,0.4715969989281886,0.15406043363140917
D02,Queen's Pawn Game: Anti-Torre,1200-1600,1839,0.4948341489940185,0.15183126336986147
A04,Zukertort Opening: Black Mustang Defense,1200-1600,1811,0.4942020982882385,0.14951953124677494
A80,Dutch Defense,1200-1600,1766,0.5039637599093998,0.14580424747752874
A10,English Opening,1200-1600,1757,0.5645987478656801,0.14506119072367948
A41,Old Indian Defense,1200-1600,1735,0.5510086455331412,0.14324482976982578
A01,Nimzo-Larsen Attack: Modern Variation #2,1200-1600,1718,0.5378346915017462,0.1418412781236661
C00,Queen's Pawn Game: Franco-Sicilian Defense,1200-1600,1706,0.4642438452520516,0.14085053578520046
C34,"King's Gambit Accepted, Fischer Defense",1200-1600,1691,0.5724423418095801,0.1396121078621184
C21,Danish Gambit,1200-1600,1690,0.527810650887574,0.13952954600057957
C20,King's Pawn Opening: 2.b3,1200-1600,1686,0.43238434163701067,0.13919929855442437
C50,Italian Game: Giuoco Pianissimo,1200-1600,1680,0.5,0.13870392738519155
B00,King's Pawn,1200-1600,1665,0.8906906906906907,0.13746549946210948
A06,Reti Opening,1200-1600,1655,0.41268882175226584,0.1366398808467214
C26,Vienna Game: Falkbeer Variation,1200-1600,1646,0.44957472660996356,0.1358968240928722
C45,Scotch Game: Classical Variation,1200-1600,1623,0.47812692544670365,0.13399790127747968
C48,Four Knights Game: Spanish Variation,1200-1600,1619,0.48857319332921556,0.13366765383132445
D05,Colle System,1200-1600,1594,0.46612296110414053,0.13160360729285434
B00,Nimzowitsch Defense: Franco-Nimzowitsch Variation,1200-1600,1572,0.5349872773536896,0.12978724633900066
B54,Sicilian Defense #2,1200-1600,1563,0.48816378758797185,0.1290441895851514
C50,"Italian Game: Giuoco Pianissimo, Italian Four Knights Variation",1200-1600,1561,0.5233824471492633,0.1288790658620738
D02,Queen's Pawn Game: London System,1200-1600,1551,0.5589941972920697,0.12805344724668577
D00,Blackmar-Diemer Gambit,1200-1600,1548,0.4076227390180879,0.12780576166206936
C23,Bishop's Opening: Philidor Counterattack,1200-1600,1541,0.54510058403634,0.12722782863129772
C34,"King's Gambit Accepted, King's Knight Gambit",1200-1600,1536,0.6158854166666666,0.1268150193236037
B12,Caro-Kann Defense,1200-1600,1534,0.5508474576271186,0.12664989560052609
B02,Alekhine Defense: Scandinavian Variation,1200-1600,1502,0.4673768308921438,0.12400791603128433
A00,Ware Opening,1200-1600,1498,0.3724966622162884,0.12367766858512913
A04,Zukertort Opening: Sicilian Invitation,1200-1600,1480,0.4527027027027027,0.12219155507743064
C47,Four Knights Game: Scotch Variation,1200-1600,1477,0.5531482735274205,0.12194386949281423
C25,Vienna Game: Max Lange Defense,1200-1600,1449,0.4782608695652174,0.1196321373697277
C57,"Italian Game: Two Knights Defense, Fried Liver Attack",1200-1600,1446,0.7468879668049793,0.11938445178511128
B32,Sicilian Defense: Open #3,1200-1600,1442,0.5686546463245492,0.11905420433895608
C41,Philidor Defense: Exchange Variation,1200-1600,1438,0.502086230876217,0.11872395689280085
C55,Italian Game: Two Knights Defense,1200-1600,1436,0.4777158774373259,0.11855883316972324
B02,Alekhine Defense: Maroczy Variation,1200-1600,1435,0.5024390243902439,0.11847627130818444
D31,Semi-Slav Defense: Accelerated Move Order,1200-1600,1390,0.5410071942446043,0.11476098753893825
B00,King's Pawn Game: Nimzowitsch Defense,1200-1600,1388,0.5770893371757925,0.11459586381586064
A04,Zukertort Opening: Pirc Invitation,1200-1600,1379,0.5061638868745467,0.1138528070620114
A01,Nimzo-Larsen Attack: Modern Variation #3,1200-1600,1365,0.48205128205128206,0.11269694100046812
C22,Center Game: Paulsen Attack Variation,1200-1600,1364,0.41642228739002934,0.11261437913892933
B00,Goldsmith Defense,1200-1600,1355,0.5461254612546126,0.11187132238508009
C40,Gunderam Defense,1200-1600,1324,0.5725075528700906,0.10931190467737716
B00,Ware Defense,1200-1600,1312,0.5876524390243902,0.10832116233891148
A07,King's Indian Attack,1200-1600,1305,0.5049808429118774,0.10774322930813984
C25,Vienna Game: Anderssen Defense,1200-1600,1295,0.4409266409266409,0.10691761069275181
C00,French Defense: Two Knights Variation,1200-1600,1283,0.4473889321901793,0.10592686835428616
C68,"Ruy Lopez: Exchange Variation, Lutikov Variation",1200-1600,1282,0.5826833073322933,0.10584430649274736
A00,Anderssen Opening,1200-1600,1279,0.5050820953870211,0.10559662090813093
C34,"King's Gambit Accepted, Schallopp Defense",1200-1600,1233,0.5636658556366586,0.10179877527734593
D06,Queen's Gambit,1200-1600,1233,0.6042173560421735,0.10179877527734593
C20,King's Pawn Game: Mengarini's Opening,1200-1600,1228,0.4780130293159609,0.10138596596965192
C21,King's Pawn Game: Beyer Gambit,1200-1600,1220,0.5540983606557377,0.10072547107734146
C45,Scotch Game: Schmidt Variation,1200-1600,1218,0.47126436781609193,0.10056034735426386
B01,Scandinavian Defense: Gubinsky-Melts Defense,1200-1600,1207,0.5691797845898923,0.09965216687733702
D35,Queen's Gambit Declined: Normal Defense,1200-1600,1203,0.5261845386533666,0.0993219194311818
A22,"English Opening: King's English Variation, Two Knights Variation",1200-1600,1190,0.5134453781512605,0.09824861523117732
C02,French Defense: Advance Variation #2,1200-1600,1183,0.44801352493660185,0.09767068220040571
B00,Duras Gambit,1200-1600,1180,0.5135593220338983,0.09742299661578929
B13,Caro-Kann Defense: Exchange Variation,1200-1600,1180,0.47203389830508474,0.09742299661578929
A00,Clemenz Opening,1200-1600,1176,0.4217687074829932,0.09709274916963408
B08,Pirc Defense: Classical Variation,1200-1600,1168,0.4743150684931507,0.09643225427732365
C70,"Ruy Lopez: Morphy Defense, Caro Variation",1200-1600,1167,0.6023993144815767,0.09634969241578484
B23,Sicilian Defense: Closed,1200-1600,1156,0.4455017301038062,0.09544151193885798
C02,"French Defense: Advance Variation, Paulsen Attack",1200-1600,1149,0.40382941688424717,0.09486357890808636
D02,Queen's Gambit Refused: Baltic Defense,1200-1600,1145,0.5816593886462882,0.09453333146193114
D02,Queen's Pawn Game: Krause Variation,1200-1600,1120,0.4973214285714286,0.09246928492346103
C48,"Four Knights Game: Spanish Variation, Classical Variation",1200-1600,1104,0.49094202898550726,0.09114829513884015
C41,Philidor Defense: Exchange Variation #3,1200-1600,1101,0.47593097184377836,0.09090060955422374
C40,Latvian Gambit Accepted,1200-1600,1096,0.47992700729927007,0.09048780024652972
C02,French Defense: Advance Variation #4,1200-1600,1094,0.39488117001828155,0.0903226765234521
C57,"Italian Game: Two Knights Defense, Knight Attack",1200-1600,1088,0.7224264705882353,0.08982730535421928
D20,Queen's Gambit Accepted: Saduleto Variation,1200-1600,1081,0.57631822386679,0.08924937232344765
D06,Queen's Gambit Refused: Austrian Defense,1200-1600,1076,0.5687732342007435,0.08883656301575363
D00,Amazon Attack,1200-1600,1060,0.3462264150943396,0.08751557323113275
C01,French Defense: Mediterranean Defense,1200-1600,1057,0.533585619678335,0.08726788764651634
B32,Sicilian Defense: Franco-Sicilian Variation,1200-1600,1056,0.5388257575757576,0.08718532578497754
A06,Zukertort Opening: Reversed Mexican Defense,1200-1600,1051,0.38629876308277833,0.08677251647728353
A30,English Opening: Symmetrical Variation,1200-1600,1043,0.5244487056567594,0.08611202158497308
C44,King's Knight Opening: Konstantinopolsky,1200-1600,1028,0.4396887159533074,0.08487359366189101
D01,Richter-Veresov Attack,1200-1600,1010,0.47326732673267324,0.08338748015419253
C20,Portuguese Opening,1200-1600,1008,0.42162698412698413,0.08322235643111492
A10,English Opening: Great Snake Variation,1200-1600,998,0.4879759519038076,0.08239673781572689
D07,Queen's Gambit Refused: Chigorin Defense #3,1200-1600,994,0.579476861167002,0.08206649036957166
A04,Zukertort Opening: Kingside Fianchetto,1200-1600,992,0.47580645161290325,0.08190136664649404
A00,Gedult's Opening,1200-1600,989,0.3822042467138524,0.08165368106187763
A43,Franco-Benoni Defense,1200-1600,987,0.502532928064843,0.08148855733880003
B00,Barnes Defense,1200-1600,982,0.6608961303462322,0.08107574803110601
A00,Hungarian Opening: Catalan Formation,1200-1600,979,0.5148110316649642,0.08082806244648959
C25,Vienna Game: Zhuravlev Countergambit #2,1200-1600,941,0.4569606801275239,0.07769071170801502
A01,Nimzo-Larsen Attack: Modern Variation,1200-1600,933,0.4415862808145766,0.07703021681570459
D08,Queen's Gambit Refused: Albin Countergambit,1200-1600,932,0.5439914163090128,0.07694765495416578
B27,Sicilian Defense,1200-1600,931,0.5660580021482277,0.07686509309262697
D10,Slav Defense: Exchange Variation,1200-1600,930,0.4967741935483871,0.07678253123108818
B02,Alekhine Defense: John Tracy Gambit,1200-1600,927,0.47357065803667747,0.07653484564647176
B15,Caro-Kann Defense,1200-1600,925,0.5102702702702703,0.07636972192339414
B12,"Caro-Kann Defense: Advance Variation, Short Variation",1200-1600,916,0.47161572052401746,0.07562666516954492
A06,Zukertort Opening: Old Indian Attack,1200-1600,909,0.49834983498349833,0.07504873213877328
A04,Zukertort Opening: Ross Gambit,1200-1600,887,0.5760992108229989,0.07323237118491958
A46,Torre Attack #2,1200-1600,880,0.5136363636363637,0.07265443815414795
D00,Queen's Pawn Game: Stonewall Attack,1200-1600,873,0.4948453608247423,0.07207650512337632
B00,Carr Defense,1200-1600,868,0.5495391705069125,0.0716636958156823
D07,Queen's Gambit Refused: Chigorin Defense,1200-1600,859,0.559953434225844,0.07092063906183305
B50,Sicilian Defense: Delayed Alapin,1200-1600,856,0.5011682242990654,0.07067295347721665
D20,Queen's Gambit Accepted: Accelerated Mannheim Variation,1200-1600,851,0.48296122209165687,0.07026014416952261
C40,King's Pawn Game: Gunderam Gambit,1200-1600,849,0.6195524146054181,0.07009502044644501
A40,Englund Gambit Complex Declined,1200-1600,838,0.5310262529832935,0.06918683996951816
B32,Sicilian Defense: Loewenthal Variation,1200-1600,837,0.5029868578255675,0.06910427810797935
A04,Zukertort Opening: Queenside Fianchetto Variation,1200-1600,833,0.5186074429771909,0.06877403066182414
B21,Sicilian Defense: Smith-Morra Gambit,1200-1600,831,0.5114320096269555,0.06860890693874652
E61,King's Indian Defense,1200-1600,824,0.4830097087378641,0.0680309739079749
A01,Nimzo-Larsen Attack: Modern Variation #4,1200-1600,813,0.4833948339483395,0.06712279343104804
A34,"English Opening: Symmetrical Variation, Normal Variation",1200-1600,813,0.5461254612546126,0.06712279343104804
B32,Sicilian Defense: Open,1200-1600,809,0.6069221260815822,0.06679254598489283
B54,Sicilian Defense,1200-1600,808,0.5952970297029703,0.06670998412335402
C41,Philidor Defense #4,1200-1600,805,0.4484472049689441,0.06646229853873761
D11,Slav Defense: Modern Line,1200-1600,801,0.5543071161048689,0.0661320510925824
C46,Four Knights Game: Gunsberg Variation,1200-1600,799,0.490613266583229,0.06596692736950478
B07,Rat Defense: Harmonist,1200-1600,796,0.5464824120603015,0.06571924178488837
B00,Borg Defense,1200-1600,796,0.5879396984924623,0.06571924178488837
C60,Ruy Lopez: Nuernberg Variation,1200-1600,792,0.5808080808080808,0.06538899433873316
E20,Nimzo-Indian Defense: Ragozin Variation,1200-1600,788,0.516497461928934,0.06505874689257794
A45,Indian Game: Pawn Push Variation,1200-1600,787,0.4548919949174079,0.06497618503103914
B07,Pirc Defense,1200-1600,779,0.4274711168164313,0.06431569013872869
C50,Italian Game: Hungarian Defense,1200-1600,776,0.5103092783505154,0.06406800455411228
C22,Center Game: Berger Variation,1200-1600,771,0.4396887159533074,0.06365519524641826
C10,French Defense: Rubinstein Variation,1200-1600,770,0.4987012987012987,0.06357263338487945
A04,Reti Opening #2,1200-1600,769,0.47074122236671,0.06349007152334066
B02,Alekhine Defense: Normal Variation,1200-1600,766,0.5509138381201044,0.06324238593872424
B11,Caro-Kann Defense,1200-1600,759,0.4505928853754941,0.06266445290795261
C48,Four Knights Game: Ranken Variation,1200-1600,759,0.5586297760210803,0.06266445290795261
E00,Indian Game: East Indian Defense,1200-1600,757,0.47424042272126815,0.062499329184875
B00,Nimzowitsch Defense: Kennedy Variation,1200-1600,750,0.4693333333333333,0.06192139615410336
A00,Hungarian Opening: Symmetrical Variation,1200-1600,746,0.4436997319034853,0.06159114870794815
B10,Caro-Kann Defense: Breyer Variation,1200-1600,741,0.4143049932523617,0.06117833940025413
D15,Slav Defense: Three Knights Variation,1200-1600,733,0.5115961800818554,0.06051784450794369
B07,Pirc Defense #2,1200-1600,728,0.5686813186813187,0.06010503520024967
A45,Trompowsky Attack,1200-1600,721,0.4521497919556172,0.05952710216947804
D20,"Queen's Gambit Accepted: Central Variation, Greco Variation",1200-1600,720,0.5347222222222222,0.059444540307939234
C10,French Defense: Paulsen Variation,1200-1600,710,0.5309859154929577,0.05861892169255118
C49,Four Knights Game: Double Spanish,1200-1600,708,0.4788135593220339,0.05845379796947358
C20,King's Pawn Game: Tortoise Opening,1200-1600,707,0.37623762376237624,0.05837123610793477
C41,Philidor Defense: Nimzowitsch Variation,1200-1600,707,0.6124469589816125,0.05837123610793477
A15,English Opening: Anglo-Indian Defense,1200-1600,696,0.4410919540229885,0.05746305563100792
B00,Nimzowitsch Defense: Williams Variation,1200-1600,691,0.5513748191027497,0.0570502463233139
C58,"Italian Game: Two Knights Defense, Polerio Defense, Bishop Check Line",1200-1600,688,0.48255813953488375,0.056802560738697494
D21,Queen's Gambit Accepted: Rosenthal Variation,1200-1600,688,0.5683139534883721,0.056802560738697494
C00,French Defense: Steiner Variation,1200-1600,685,0.46715328467153283,0.05655487515408107
A53,Old Indian Defense,1200-1600,684,0.4853801169590643,0.056472313292542264
C10,French Defense: Marshall Variation,1200-1600,679,0.5184094256259205,0.05605950398484825
D01,"Queen's Pawn Game: Veresov Attack, Classical Defense",1200-1600,674,0.46439169139465875,0.055646694677154225
A25,"English Opening: King's English Variation, Reversed Closed Sicilian",1200-1600,673,0.537890044576523,0.055564132815615425
B27,Sicilian Defense: Hyperaccelerated Dragon,1200-1600,671,0.4366616989567809,0.05539900909253781
C44,King's Pawn Game: Tayler Opening,1200-1600,671,0.45305514157973176,0.05539900909253781
B44,Sicilian Defense: Paulsen Variation,1200-1600,670,0.4373134328358209,0.055316447230999
C26,"Vienna Game: Stanley Variation, Reversed Spanish",1200-1600,665,0.5323308270676692,0.054903637923304986
A00,Hungarian Opening: Slav Formation,1200-1600,660,0.5075757575757576,0.05449082861561096
C44,Scotch Game: Lolli Variation,1200-1600,659,0.5538694992412747,0.054408266754072156
C43,Petrov: Modern Attack,1200-1600,658,0.48024316109422494,0.054325704892533355
D00,"Queen's Pawn Game: Veresov Attack, Alburt Defense",1200-1600,656,0.45426829268292684,0.05416058116945574
A11,English Opening: Caro-Kann Defensive System,1200-1600,654,0.5290519877675841,0.05399545744637814
C53,Italian Game: Classical Variation #2,1200-1600,652,0.5920245398773006,0.053830333723300525
A00,Hungarian Opening: Indian Defense,1200-1600,651,0.46543778801843316,0.05374777186176172
B01,Scandinavian Defense: Blackburne Gambit,1200-1600,650,0.46307692307692305,0.05366521000022292
E20,Nimzo-Indian Defense #2,1200-1600,649,0.5670261941448382,0.05358264813868411
A49,East Indian Defense,1200-1600,638,0.4278996865203762,0.05267446766175726
C28,Bishop's Opening: Vienna Hybrid,1200-1600,636,0.5455974842767296,0.05250934393867965
D50,Queen's Gambit Declined: Modern Variation,1200-1600,627,0.5263157894736842,0.051766287184830416
D37,Queen's Gambit Declined: Three Knights Variation,1200-1600,624,0.530448717948718,0.051518601600214
D20,"Queen's Gambit Accepted: Central Variation, Alekhine System",1200-1600,623,0.5537720706260032,0.05143603973867519
B20,Sicilian Defense: Snyder Variation,1200-1600,612,0.4297385620915033,0.05052785926174835
B40,"Sicilian Defense: French Variation, Open",1200-1600,606,0.4521452145214521,0.05003248809251552
C40,Elephant Gambit: Paulsen Countergambit,1200-1600,604,0.45695364238410596,0.04986736436943791
C42,Russian Game: Cozio (Lasker) Attack,1200-1600,602,0.5564784053156147,0.04970224064636029
C44,King's Pawn Game: Dresden Opening,1200-1600,593,0.42327150084317033,0.04895918389251106
B52,"Sicilian Defense: Canal Attack, Main Line",1200-1600,591,0.4653130287648054,0.048794060169433454
D45,Semi-Slav Defense: Main Line,1200-1600,590,0.5847457627118644,0.048711498307894646
B00,Nimzowitsch Defense: Pseudo-Spanish Variation,1200-1600,584,0.5154109589041096,0.04821612713866182
B53,Sicilian Defense: Chekhover Variation,1200-1600,584,0.5,0.04821612713866182
B10,Caro-Kann Defense: Two Knights Attack,1200-1600,580,0.45517241379310347,0.0478858796925066
A01,Nimzo-Larsen Attack: Indian Variation,1200-1600,579,0.4784110535405872,0.0478033178309678
A00,Hungarian Opening: Sicilian Invitation,1200-1600,573,0.4973821989528796,0.047307946661734976
B27,Sicilian Defense: Jalalabad Variation,1200-1600,573,0.6509598603839442,0.047307946661734976
D43,Semi-Slav Defense,1200-1600,571,0.5253940455341506,0.04714282293865736
A40,English Defense,1200-1600,568,0.4823943661971831,0.046895137354040946
B03,Alekhine Defense #2,1200-1600,568,0.5985915492957746,0.046895137354040946
C40,Latvian Gambit,1200-1600,565,0.49911504424778763,0.04664745176942454
D10,Slav Defense #3,1200-1600,560,0.5982142857142857,0.046234642461730514
C44,Scotch Game: Scotch Gambit,1200-1600,560,0.5089285714285714,0.046234642461730514
B00,Nimzowitsch Defense: Mikenas Variation,1200-1600,558,0.589605734767025,0.046069518738652906
C02,French Defense: Advance Variation,1200-1600,558,0.3906810035842294,0.046069518738652906
A41,Rat Defense: English Rat,1200-1600,554,0.5541516245487365,0.045739271292497684
D21,Queen's Gambit Accepted: Normal Variation,1200-1600,554,0.6245487364620939,0.045739271292497684
B02,Alekhine Defense: Mokele Mbembe,1200-1600,554,0.6552346570397112,0.045739271292497684
D03,Queen's Pawn Game: Torre Attack,1200-1600,551,0.5462794918330308,0.045491585707881275
C41,Philidor Defense: Lopez Countergambit,1200-1600,545,0.5155963302752293,0.044996214538648445
A46,Indian Game: Wade-Tartakower Defense,1200-1600,543,0.5027624309392266,0.04483109081557084
B40,Sicilian Defense: Delayed Alapin Variation,1200-1600,541,0.5138632162661737,0.04466596709249323
D05,Colle System #2,1200-1600,541,0.47504621072088726,0.04466596709249323
A45,Paleface Attack,1200-1600,541,0.41404805914972276,0.04466596709249323
C22,Center Game: Hall Variation,1200-1600,539,0.40630797773654914,0.04450084336941562
C24,Bishop's Opening: Ponziani Gambit,1200-1600,531,0.504708097928437,0.04384034847710518
A04,Zukertort Opening: Slav Invitation,1200-1600,530,0.539622641509434,0.043757786615566376
E20,Nimzo-Indian Defense,1200-1600,527,0.45540796963946867,0.04351010103094997
A46,Yusupov-Rubinstein System,1200-1600,526,0.49049429657794674,0.04342753916941116
C30,"King's Gambit Declined, Classical Variation",1200-1600,520,0.5673076923076923,0.04293216800017833
D02,"Queen's Pawn Game: Symmetrical Variation, Pseudo-Catalan",1200-1600,519,0.4951830443159923,0.04284960613863953
C00,St. George Defense,1200-1600,511,0.5088062622309197,0.04218911124632909
B06,Modern Defense: Two Knights Variation,1200-1600,508,0.4881889763779528,0.04194142566171268
B57,"Sicilian Defense: Modern Variations, Main Line",1200-1600,506,0.4723320158102767,0.04177630193863507
D20,"Queen's Gambit Accepted: Central Variation, Modern Defense",1200-1600,504,0.5793650793650794,0.04161117821555746
A16,"English Opening: Anglo-Indian Defense, Queen's Knight Variation",1200-1600,503,0.5387673956262425,0.04152861635401865
A40,Polish Defense,1200-1600,501,0.5708582834331337,0.04136349263094105
C00,French Defense,1200-1600,501,0.3992015968063872,0.04136349263094105
A00,Van't Kruijs Opening,1600-2000,70041,0.4313187989891635,2.0387170237717878
B01,Scandinavian Defense: Mieses-Kotroc Variation,1600-2000,65164,0.5487692591001166,1.8967598426216759
A40,Horwitz Defense,1600-2000,53896,0.5274974024046312,1.5687767552319969
C00,French Defense: Knight Variation,1600-2000,51519,0.4691084842485297,1.4995882746919482
B20,Sicilian Defense: Bowdler Attack,1600-2000,47454,0.4216293673873646,1.3812663674999848
B00,Owen Defense,1600-2000,46426,0.5088312583466161,1.3513438778091267
B01,Scandinavian Defense,1600-2000,38528,0.4489721760797342,1.1214529988418134
C41,Philidor Defense #3,1600-2000,37135,0.5662043893900632,1.080906278861886
A00,Hungarian Opening,1600-2000,35128,0.4970393987702118,1.0224875660121269
B10,Caro-Kann Defense,1600-2000,35011,0.4374910742338122,1.0190819908235758
B06,Modern Defense,1600-2000,34209,0.46195445642959454,0.9957377916678674
D00,Queen's Pawn Game #2,1600-2000,33897,0.49169543027406554,0.9866562578317315
B30,Sicilian Defense: Old Sicilian,1600-2000,31903,0.4547534714603642,0.9286159422251447
A45,Indian Game,1600-2000,30317,0.45499224857340764,0.8824514785581203
A40,Modern Defense,1600-2000,28328,0.4944577802880542,0.8245567003527534
C41,Philidor Defense #2,1600-2000,28249,0.5049736273850401,0.8222572094134755
C23,Bishop's Opening,1600-2000,27774,0.5366529848059336,0.8084311562975635
D02,Queen's Pawn Game: Zukertort Variation,1600-2000,26166,0.5306886799663686,0.7616263280651705
B07,Pirc Defense #4,1600-2000,25750,0.4676504854368932,0.7495176162836559
B20,Sicilian Defense,1600-2000,25597,0.3729343282415908,0.74506417180632
C00,French Defense: Normal Variation,1600-2000,24937,0.5535950595500662,0.7258532348452632
D00,Queen's Pawn Game,1600-2000,24264,0.4732937685459941,0.7062639006410341
A00,Mieses Opening,1600-2000,24220,0.45978530140379853,0.704983171510297
B21,Sicilian Defense: McDonnell Attack,1600-2000,23707,0.48289534736575696,0.6900510341451118
D00,Queen's Pawn Game: Mason Attack,1600-2000,22840,0.5164185639229422,0.6648148487735418
C20,King's Pawn Game: Leonardis Variation,1600-2000,22479,0.45193291516526535,0.6543070484054485
C55,Italian Game: Anti-Fried Liver Defense,1600-2000,22395,0.5523107836570663,0.6518620200649504
B50,Sicilian Defense,1600-2000,21477,0.4548121245984076,0.6251413532009351
A43,Old Benoni Defense,1600-2000,21389,0.45925475711814484,0.6225798949394609
A40,Queen's Pawn,1600-2000,20580,0.5751214771622934,0.5990319434220441
A40,English Defense #2,1600-2000,20022,0.5156328039156928,0.582789969445878
D06,Queen's Gambit Refused: Marshall Defense,1600-2000,18997,0.5743538453440017,0.5529548021957519
C45,Scotch Game,1600-2000,18803,0.523161197681221,0.547307951028411
C00,French Defense #2,1600-2000,18434,0.40701963762612564,0.5365672908183655
C62,Ruy Lopez: Steinitz Defense,1600-2000,18304,0.5220170454545454,0.5327833183866423
C01,French Defense: Exchange Variation,1600-2000,18301,0.4834162067646577,0.5326959959459101
D30,Queen's Gambit Declined,1600-2000,16938,0.5095642933049946,0.4930225003733035
B06,Robatsch (Modern) Defense,1600-2000,16888,0.4808147797252487,0.49156712636110217
A02,Bird Opening,1600-2000,16268,0.5092820260634374,0.4735204886098064
B01,Scandinavian Defense: Main Line,1600-2000,16056,0.48741903338315895,0.4673497027980729
D02,Queen's Pawn Game: Chigorin Variation,1600-2000,15535,0.5595751528805922,0.4521847055909357
C24,Bishop's Opening: Berlin Defense,1600-2000,15312,0.5041144200626959,0.44569373749651797
B22,Sicilian Defense: Alapin Variation,1600-2000,15091,0.4940030481744086,0.4392609843625884
B01,Scandinavian Defense: Modern Variation #2,1600-2000,14967,0.46288501369679963,0.43565165681232926
B40,Sicilian Defense: French Variation,1600-2000,14776,0.430224688684353,0.4300921280857204
B21,Sicilian Defense: Smith-Morra Gambit #2,1600-2000,14453,0.4037916003597869,0.42069041196690016
C50,Italian Game,1600-2000,14440,0.5841412742382271,0.4203120147237278
C00,French Defense: La Bourdonnais Variation,1600-2000,14072,0.4949545196134167,0.4096004619939264
A00,Polish Opening,1600-2000,14018,0.5343130261092881,0.40802865806074906
C41,Philidor Defense,1600-2000,13847,0.6110348812017043,0.4030512789390207
C20,King's Pawn Game: Wayward Queen Attack,1600-2000,13575,0.4409576427255985,0.39513404431264576
A03,Bird Opening: Dutch Variation,1600-2000,12602,0.5135692747182987,0.366812466035209
C00,Rat Defense: Small Center Defense,1600-2000,12130,0.548722176422094,0.35307373536002895
A41,Queen's Pawn,1600-2000,12010,0.5009159034138219,0.3495808377307459
D20,Queen's Gambit Accepted,1600-2000,11990,0.6015012510425355,0.34899868812586543
A06,Zukertort Opening: Tennison Gambit,1600-2000,11830,0.4737954353338969,0.34434149128682134
D20,Queen's Gambit Accepted: Old Variation,1600-2000,11745,0.604171988080034,0.34186735546607916
A00,Saragossa Opening,1600-2000,11628,0.4868421052631579,0.3384617802775282
C46,Three Knights Opening,1600-2000,11485,0.4872442316064432,0.3342994106026326
C40,King's Pawn Game: McConnell Defense,1600-2000,11233,0.5622718775037835,0.32696432558113814
A01,Nimzo-Larsen Attack,1600-2000,11222,0.5291391908750668,0.32664414329845387
D10,Slav Defense #2,1600-2000,11008,0.5157158430232558,0.3204151425262324
A40,Englund Gambit,1600-2000,10993,0.5214227235513509,0.319978530322572
C50,Giuoco Piano,1600-2000,10975,0.47325740318906606,0.3194545956781795
C30,King's Gambit,1600-2000,10902,0.6121812511465786,0.3173297496203657
A20,English Opening: King's English Variation,1600-2000,10609,0.5038175134319917,0.3088012579088662
C40,King's Pawn Game: Busch-Gass Gambit,1600-2000,10556,0.5741758241758241,0.3072585614559329
B23,Sicilian Defense: Closed Variation,1600-2000,10545,0.4956851588430536,0.30693837917324857
C44,Scotch Game,1600-2000,10452,0.5951970914657482,0.30423138351055423
C30,"King's Gambit Declined, Queen's Knight Defense",1600-2000,10038,0.5742179717075114,0.2921808866895277
A01,Nimzo-Larsen Attack: Classical Variation,1600-2000,10032,0.5027910685805422,0.29200624180806356
C46,Four Knights Game: Italian Variation,1600-2000,9671,0.49333057594871266,0.2814984414399703
C42,Russian Game: Urusov Gambit,1600-2000,9606,0.5444513845513221,0.27960645522410865
C42,Russian Game: Three Knights Game,1600-2000,9493,0.5262825239650268,0.2763173099565338
C00,French Defense: Queen's Knight,1600-2000,9432,0.4717981340118745,0.27454175366164824
D31,Queen's Gambit Declined: Queen's Knight Variation,1600-2000,9162,0.5924470639598342,0.26668273399576137
C41,Philidor Defense: Exchange Variation #2,1600-2000,9152,0.534527972027972,0.26639165919332114
B12,Caro-Kann Defense: Advance Variation,1600-2000,9149,0.4651874521805662,0.266304336752589
D00,Queen's Pawn Game #3,1600-2000,9130,0.4553121577217963,0.26575129462795255
C00,French Defense: King's Indian Attack,1600-2000,9014,0.46438872864433106,0.2623748269196456
B30,Sicilian Defense: Nyezhmetdinov-Rossolimo Attack,1600-2000,8915,0.4839035333707235,0.2594931863754871
B07,Pirc Defense #5,1600-2000,8627,0.5164019937405819,0.2511102320652077
D00,Queen's Pawn Game: Levitsky Attack,1600-2000,8565,0.5734967892586106,0.24930556829007816
A04,Zukertort Opening: Queen's Gambit Invitation,1600-2000,8424,0.532051282051282,0.24520141357567055
A00,Van Geet Opening,1600-2000,8362,0.4569480985410189,0.243396749800541
A04,Zukertort Opening: Sicilian Invitation,1600-2000,8361,0.4857074512618108,0.24336764232029698
B20,Sicilian Defense: Staunton-Cochrane Variation,1600-2000,8263,0.40651095243858165,0.24051510925638245
C21,Danish Gambit,1600-2000,8219,0.5576104148923227,0.23923438012564535
D00,Queen's Pawn Game: Chigorin Variation,1600-2000,8195,0.4889566809029896,0.23853580059978874
C20,King's Pawn Game,1600-2000,8184,0.323435972629521,0.23821561831710447
C20,Bishop's Opening: Boi Variation,1600-2000,8073,0.5048928527189397,0.23498468801001765
B13,Caro-Kann Defense: Exchange Variation,1600-2000,8006,0.4579065700724457,0.23303448683366793
A13,English Opening: Agincourt Defense,1600-2000,7992,0.5147647647647647,0.23262698211025157
C44,King's Knight Opening: Normal Variation,1600-2000,7769,0.43377526065130645,0.22613601401583389
A21,"English Opening: King's English Variation, Reversed Sicilian",1600-2000,7689,0.560541032644037,0.22380741559631184
C20,King's Pawn Game: Napoleon Attack,1600-2000,7629,0.4611351422204745,0.2220609667816703
B32,Sicilian Defense: Open #3,1600-2000,7576,0.5295670538542767,0.22051827032873697
D02,Queen's Pawn Game: London System,1600-2000,7553,0.5186018800476632,0.21984879828312437
C02,"French Defense: Advance Variation, Nimzowitsch System",1600-2000,7508,0.37093766648907833,0.21853896167214323
B21,Sicilian Defense: Smith-Morra Gambit,1600-2000,7498,0.5290744198452921,0.218247886869703
C34,"King's Gambit Accepted, MacLeod Defense",1600-2000,7410,0.6051282051282051,0.21568642860822873
B25,"Sicilian Defense: Closed Variation, Traditional",1600-2000,7396,0.46322336398053,0.2152789238848124
D31,Semi-Slav Defense: Accelerated Move Order,1600-2000,7354,0.53508294805548,0.21405640971456333
B00,Caro-Kann Defense: Hillbilly Attack,1600-2000,7307,0.39482687833584235,0.21268835814309411
B00,Nimzowitsch Defense,1600-2000,7289,0.48936754012896144,0.21216442349870165
A10,English Opening,1600-2000,7247,0.5522285083482821,0.21094190932845258
C27,Vienna Game,1600-2000,7081,0.5411665019065104,0.20611006760794434
A40,"Englund Gambit Declined, Reversed French",1600-2000,7046,0.4655123474311666,0.20509130579940346
D01,Queen's Pawn Game: Chigorin Variation,1600-2000,7034,0.455217514927495,0.20474201603647518
A10,English Opening: Anglo-Scandinavian Defense,1600-2000,7023,0.5661398262850633,0.20442183375379092
B32,Sicilian Defense: Loewenthal Variation,1600-2000,6991,0.46044914890573596,0.20349039438598207
B54,Sicilian Defense #2,1600-2000,6935,0.505407354001442,0.20186037549231664
B23,Sicilian Defense: Closed,1600-2000,6873,0.4632620398661429,0.20005571171718708
C34,"King's Gambit Accepted, Fischer Defense",1600-2000,6840,0.5745614035087719,0.19909516486913423
C55,"Italian Game: Two Knights Defense, Modern Bishop's Opening",1600-2000,6828,0.534124194493263,0.1987458751062059
C22,Center Game: Normal Variation,1600-2000,6695,0.36071695294996264,0.1948745802337505
A80,Dutch Defense,1600-2000,6646,0.48931688233523923,0.1934483137017933
C45,Scotch Game: Classical Variation,1600-2000,6498,0.47799322868574945,0.18914040662567752
C02,"French Defense: Advance Variation, Paulsen Attack",1600-2000,6492,0.42467652495378927,0.18896576174421337
D10,Slav Defense,1600-2000,6455,0.48458559256390393,0.18788878497518444
C02,French Defense: Advance Variation #3,1600-2000,6382,0.547477279849577,0.18576393891737056
B00,"Nimzowitsch Defense: Kennedy Variation, Linksspringer Variation",1600-2000,6344,0.5190731399747793,0.1846578546680976
A43,Benoni Defense: Benoni Gambit Accepted,1600-2000,6271,0.4471376176048477,0.18253300861028374
B12,Caro-Kann Defense,1600-2000,6200,0.5374193548387097,0.1804663775129579
C50,"Italian Game: Giuoco Pianissimo, Normal",1600-2000,6167,0.47089346521809633,0.17950583066490508
C40,Elephant Gambit,1600-2000,6115,0.566312346688471,0.17799224169221575
C41,Philidor Defense #4,1600-2000,6100,0.44491803278688524,0.17755562948855536
A41,Old Indian Defense,1600-2000,6038,0.5521695925803246,0.1757509657134258
C20,King's Pawn Game: Macleod Attack,1600-2000,5960,0.4884228187919463,0.1734805822543918
C65,Ruy Lopez: Berlin Defense #2,1600-2000,5940,0.5148148148148148,0.1728984326495113
B00,King's Pawn,1600-2000,5929,0.9494012481025468,0.17257825036682703
C00,French Defense: Steinitz Attack,1600-2000,5871,0.4481349003576903,0.17089001651267355
B08,Pirc Defense: Classical Variation,1600-2000,5866,0.4626662120695534,0.1707444791114534
C61,Ruy Lopez: Bird Variation,1600-2000,5790,0.513126079447323,0.16853231061290747
C50,Four Knights Game: Italian Variation,1600-2000,5733,0.44967730682016394,0.16687318423899805
D02,Queen's Pawn Game: Symmetrical Variation,1600-2000,5662,0.47845284351819145,0.16480655314167222
C64,Ruy Lopez: Classical Variation,1600-2000,5653,0.47638422076773396,0.164544585819476
D35,Queen's Gambit Declined: Normal Defense,1600-2000,5609,0.5009805669459797,0.16326385668873886
C40,King's Knight Opening,1600-2000,5587,0.695364238410596,0.16262349212337032
B00,St. George Defense,1600-2000,5552,0.5410662824207493,0.16160473031482941
D43,Semi-Slav Defense,1600-2000,5527,0.5062420843133707,0.1608770433087288
A10,English Opening: Great Snake Variation,1600-2000,5490,0.4888888888888889,0.15980006653969983
C02,French Defense: Advance Variation #2,1600-2000,5442,0.45791988239617787,0.15840290748798663
C60,Ruy Lopez: Cozio Defense,1600-2000,5430,0.5224677716390423,0.15805361772505833
C00,Queen's Pawn Game: Franco-Sicilian Defense,1600-2000,5427,0.47687488483508383,0.15796629528432624
C41,Philidor Defense: Exchange Variation,1600-2000,5412,0.508869179600887,0.15752968308066587
B44,Sicilian Defense: Paulsen Variation,1600-2000,5322,0.43404735062006766,0.15491000985870357
C20,English Opening: The Whale,1600-2000,5304,0.4338235294117647,0.1543860752143111
A04,Zukertort Opening: Kingside Fianchetto,1600-2000,5292,0.4884731670445956,0.1540367854513828
D04,Queen's Pawn Game: Colle System,1600-2000,5277,0.48967216221337884,0.15360017324772243
A00,Hungarian Opening: Slav Formation,1600-2000,5265,0.4621082621082621,0.15325088348479413
C50,Italian Game: Schilling-Kostic Gambit,1600-2000,5199,0.452779380650125,0.1513297897886884
D15,Slav Defense: Three Knights Variation,1600-2000,5194,0.5325375433192144,0.1511842523874683
A00,Grob Opening,1600-2000,5157,0.477021524141943,0.15010727561843934
B50,Sicilian Defense: Delayed Alapin,1600-2000,5125,0.5102439024390244,0.14917583625063055
A04,Zukertort Opening: Pirc Invitation,1600-2000,5012,0.514365522745411,0.14588669098305568
B00,"Nimzowitsch Defense: Scandinavian Variation, Advance Variation",1600-2000,4997,0.5125075045027017,0.14545007877939528
B02,Alekhine Defense: Scandinavian Variation,1600-2000,4991,0.43899018232819076,0.14527543389793113
C68,Ruy Lopez: Exchange Variation,1600-2000,4988,0.42000801924619086,0.14518811145719904
A01,Nimzo-Larsen Attack: Modern Variation #2,1600-2000,4974,0.548854041013269,0.1447806067337827
E61,King's Indian Defense,1600-2000,4941,0.48532685691155636,0.14382005988572985
A00,Hungarian Opening: Catalan Formation,1600-2000,4919,0.5057938605407604,0.1431796953203613
C21,Center Game #2,1600-2000,4912,0.6038273615635179,0.14297594295865312
B12,"Caro-Kann Defense: Advance Variation, Short Variation",1600-2000,4894,0.4270535349407438,0.14245200831426066
C40,King's Pawn Game: Damiano Defense,1600-2000,4882,0.7255223269151987,0.14210271855133236
C50,"Italian Game: Giuoco Pianissimo, Italian Four Knights Variation",1600-2000,4836,0.5099255583126551,0.14076377446010718
D05,Colle System,1600-2000,4810,0.46216216216216216,0.14000697997376252
A30,English Opening: Symmetrical Variation,1600-2000,4768,0.4872063758389262,0.13878446580351345
A04,Zukertort Opening: Black Mustang Defense,1600-2000,4708,0.5416312659303314,0.1370380169888719
C42,Petrov's Defense,1600-2000,4621,0.4849599653754599,0.1345056662076417
C50,Italian Game: Giuoco Pianissimo,1600-2000,4593,0.4463313738297409,0.133690656760809
C60,Ruy Lopez,1600-2000,4558,0.5763492759982448,0.13267189495226808
D02,Queen's Pawn Game: Krause Variation,1600-2000,4542,0.5004403346543373,0.1322061752683637
B07,King's Pawn Game: Maroczy Defense,1600-2000,4504,0.5643872113676732,0.13110009101909073
C50,Italian Game: Hungarian Defense,1600-2000,4458,0.4636608344549125,0.12976114692786556
B02,Alekhine Defense,1600-2000,4455,0.49988776655443323,0.12967382448713347
D08,Queen's Gambit Refused: Albin Countergambit,1600-2000,4442,0.5141828005402972,0.12929542724396115
D02,Queen's Pawn Game: Anti-Torre,1600-2000,4385,0.5320410490307868,0.12763630087005168
A22,"English Opening: King's English Variation, Two Knights Variation",1600-2000,4380,0.5093607305936073,0.12749076346883156
C34,"King's Gambit Accepted, King's Knight Gambit",1600-2000,4371,0.6453900709219859,0.12722879614663535
A07,King's Indian Attack,1600-2000,4360,0.539908256880734,0.12690861386395105
C44,Ponziani Opening: Jaenisch Counterattack,1600-2000,4321,0.4721129368201805,0.12577342213443407
A40,Mikenas Defense,1600-2000,4290,0.5927738927738928,0.12487109024686928
A00,Hungarian Opening: Symmetrical Variation,1600-2000,4289,0.4751690370715785,0.12484198276662525
A01,Nimzo-Larsen Attack: Indian Variation,1600-2000,4283,0.47583469530702777,0.12466733788516109
D10,Slav Defense: Exchange Variation,1600-2000,4269,0.5026938393066291,0.12425983316174474
B07,Pirc Defense,1600-2000,4251,0.45283462714655376,0.12373589851735228
B07,Rat Defense: Harmonist,1600-2000,4247,0.5090652225100071,0.12361946859637618
C47,Four Knights Game: Scotch Variation Accepted,1600-2000,4223,0.4882784750177599,0.12292088907051957
C44,Ponziani Opening,1600-2000,4215,0.5119810201660735,0.12268802922856736
A15,English Opening: Anglo-Indian Defense,1600-2000,4182,0.4839789574366332,0.12172748238051452
C42,Petrov's Defense #2,1600-2000,4180,0.5461722488038278,0.12166926742002647
B40,Sicilian Defense: Delayed Alapin Variation,1600-2000,4137,0.4906937394247039,0.12041764576953339
D02,Queen's Gambit Refused: Baltic Defense,1600-2000,4091,0.5741872402835493,0.11907870167830821
A00,Hungarian Opening: Indian Defense,1600-2000,4089,0.46368305209097577,0.11902048671782015
E20,Nimzo-Indian Defense: Ragozin Variation,1600-2000,4073,0.5848269089123497,0.11855476703391574
A11,English Opening: Caro-Kann Defensive System,1600-2000,4021,0.4891817955732405,0.11704117806122642
A00,Hungarian Opening: Sicilian Invitation,1600-2000,3994,0.46795192789183776,0.11625527609463773
A43,Franco-Benoni Defense,1600-2000,3952,0.5235323886639676,0.11503276192438866
D11,Slav Defense: Modern Line,1600-2000,3947,0.5439574360273626,0.11488722452316855
C01,"French Defense: Exchange Variation, Monte Carlo Variation",1600-2000,3929,0.49249172817510817,0.11436328987877607
C26,Vienna Game: Stanley Variation,1600-2000,3896,0.5500513347022588,0.11340274303072324
B00,Duras Gambit,1600-2000,3856,0.4914419087136929,0.11223844382096222
A85,Dutch Defense: Queen's Knight Variation,1600-2000,3815,0.490956749672346,0.11104503713095716
B02,Alekhine Defense: Maroczy Variation,1600-2000,3809,0.44867419270149644,0.11087039224949302
C55,Italian Game: Two Knights Defense,1600-2000,3806,0.48686284813452446,0.11078306980876095
A04,Zukertort Opening: Queenside Fianchetto Variation,1600-2000,3795,0.5325428194993412,0.11046288752607668
B11,Caro-Kann Defense,1600-2000,3788,0.4363780359028511,0.11025913516436849
A00,Mieses Opening: Reversed Rat,1600-2000,3777,0.44929838496160973,0.1099389528816842
A51,Indian Game: Budapest Defense,1600-2000,3764,0.4354410201912859,0.10956055563851187
D06,Queen's Gambit Refused: Austrian Defense,1600-2000,3758,0.5518893028206493,0.10938591075704772
A06,Reti Opening,1600-2000,3722,0.48387963460505107,0.1083380414682628
D37,Queen's Gambit Declined: Three Knights Variation,1600-2000,3707,0.5349339088211492,0.10790142926460243
C02,French Defense: Advance Variation,1600-2000,3697,0.40573437922639977,0.10761035446216216
C02,French Defense: Advance Variation #4,1600-2000,3689,0.3686635944700461,0.10737749462020997
D45,Semi-Slav Defense: Main Line,1600-2000,3671,0.5083083628439118,0.1068535599758175
A06,Zukertort Opening: Old Indian Attack,1600-2000,3670,0.5171662125340599,0.10682445249557349
B27,Sicilian Defense: Hyperaccelerated Dragon,1600-2000,3655,0.4339261285909713,0.10638784029191309
C10,French Defense: Rubinstein Variation,1600-2000,3643,0.533626132308537,0.1060385505289848
A45,Trompowsky Attack,1600-2000,3610,0.47867036011080333,0.10507800368093195
C25,Vienna Game: Max Lange Defense,1600-2000,3585,0.4940027894002789,0.10435031667483131
A16,"English Opening: Anglo-Indian Defense, Queen's Knight Variation",1600-2000,3573,0.5065771060733277,0.10400102691190301
B00,"Nimzowitsch Defense, Declined Variation",1600-2000,3570,0.5196078431372549,0.10391370447117093
C44,Scotch Game: Scotch Gambit,1600-2000,3546,0.6020868584320361,0.10321512494531433
A01,Nimzo-Larsen Attack: Modern Variation #3,1600-2000,3524,0.4682179341657208,0.10257476037994576
E20,Nimzo-Indian Defense #2,1600-2000,3510,0.5136752136752136,0.1021672556565294
A04,Reti Opening #2,1600-2000,3507,0.47276874821785003,0.10207993321579732
C45,Scotch Game: Schmidt Variation,1600-2000,3474,0.4789867587795049,0.1011193863677445
A43,Benoni Defense: Old Benoni,1600-2000,3451,0.4763836569110403,0.10044991432213189
B10,Caro-Kann Defense: Breyer Variation,1600-2000,3426,0.4410391126678342,0.09972222731603125
B45,"Sicilian Defense: Paulsen Variation, Normal Variation",1600-2000,3421,0.4913767904121602,0.09957668991481114
C35,"King's Gambit Accepted, Cunningham Defense",1600-2000,3413,0.4860826252563727,0.09934383007285894
A53,Old Indian Defense,1600-2000,3405,0.4763582966226138,0.09911097023090673
A34,"English Opening: Symmetrical Variation, Normal Variation",1600-2000,3394,0.5436063641720683,0.09879078794822246
E00,Indian Game: East Indian Defense,1600-2000,3355,0.47332339791356187,0.09765559621870545
B01,Scandinavian Defense: Gubinsky-Melts Defense,1600-2000,3321,0.4784703402589581,0.0966659418904086
E90,"King's Indian Defense: Normal Variation, Rare Defenses",1600-2000,3319,0.4757457065381139,0.09660772692992053
D00,Queen's Pawn Game: Stonewall Attack,1600-2000,3300,0.51,0.09605468480528406
A04,Zukertort Opening: Slav Invitation,1600-2000,3257,0.49032852318084125,0.09480306315479095
C00,French Defense: Two Knights Variation,1600-2000,3195,0.4582159624413146,0.09299839937966138
D06,Queen's Gambit,1600-2000,3176,0.610831234256927,0.0924453572550249
C00,French Defense: Steiner Variation,1600-2000,3175,0.5092913385826772,0.09241624977478087
B34,"Sicilian Defense: Accelerated Dragon, Modern Variation",1600-2000,3160,0.46772151898734177,0.0919796375711205
A01,Nimzo-Larsen Attack: Modern Variation #4,1600-2000,3139,0.5444409047467347,0.09136838048599596
C46,Four Knights Game,1600-2000,3129,0.42697347395333973,0.0910773056835557
B23,Sicilian Defense: Grand Prix Attack,1600-2000,3126,0.5335892514395394,0.09098998324282362
C53,Italian Game: Classical Variation #2,1600-2000,3115,0.5441412520064205,0.09066980096013934
A01,Nimzo-Larsen Attack: English Variation,1600-2000,3106,0.49581455247907275,0.09040783363794311
A40,English Defense,1600-2000,3103,0.529487592652272,0.09032051119721105
B10,Caro-Kann Defense: Two Knights Attack,1600-2000,3099,0.489512746047112,0.09020408127623494
A56,Benoni Defense,1600-2000,3040,0.43453947368421053,0.08848673994183744
B18,Caro-Kann Defense: Classical Variation,1600-2000,3001,0.47984005331556145,0.08735154821232044
B43,"Sicilian Defense: Kan Variation, Knight Variation",1600-2000,3001,0.39186937687437523,0.08735154821232044
A49,East Indian Defense,1600-2000,2996,0.43825100133511347,0.08720601081110031
A46,Indian Game: Wade-Tartakower Defense,1600-2000,2982,0.4949698189134809,0.08679850608768395
D00,Blackmar-Diemer Gambit,1600-2000,2971,0.47357791989229214,0.08647832380499967
B32,Sicilian Defense: Franco-Sicilian Variation,1600-2000,2959,0.5856708347414668,0.08612903404207137
A43,Old Benoni Defense #2,1600-2000,2946,0.5105227427019687,0.08575063679889904
A46,Torre Attack #2,1600-2000,2943,0.5191980971797485,0.08566331435816696
C23,Bishop's Opening: Philidor Counterattack,1600-2000,2941,0.5498129887793267,0.08560509939767891
B90,Sicilian Defense: Najdorf Variation,1600-2000,2930,0.44573378839590444,0.08528491711499464
C70,"Ruy Lopez: Morphy Defense, Caro Variation",1600-2000,2892,0.5843706777316736,0.08417883286572167
C57,"Italian Game: Two Knights Defense, Fried Liver Attack",1600-2000,2854,0.7207428170988087,0.0830727486164487
C41,Philidor Defense: Exchange Variation #3,1600-2000,2850,0.5021052631578947,0.0829563186954726
C34,"King's Gambit Accepted, Schallopp Defense",1600-2000,2840,0.6140845070422535,0.08266524389303234
C22,Center Game: Paulsen Attack Variation,1600-2000,2816,0.4481534090909091,0.08196666436717573
B40,"Sicilian Defense: French Variation, Open",1600-2000,2814,0.4683724235963042,0.08190844940668768
D53,Queen's Gambit Declined: 4.Bg5 Be7,1600-2000,2799,0.5066095033940693,0.0814718372030273
A40,Englund Gambit Complex Declined,1600-2000,2798,0.4731951393852752,0.08144272972278327
D35,Queen's Gambit Declined: Exchange Variation,1600-2000,2767,0.53017708709794,0.08054039783521848
B02,Alekhine Defense: Normal Variation,1600-2000,2747,0.4681470695303968,0.07995824823033797
C58,"Italian Game: Two Knights Defense, Polerio Defense, Bishop Check Line",1600-2000,2720,0.46176470588235297,0.07917234626374928
D50,Queen's Gambit Declined: Modern Variation,1600-2000,2695,0.5461966604823748,0.07844465925764864
C25,Vienna Game: Anderssen Defense,1600-2000,2691,0.4908955778520996,0.07832822933667254
A00,Polish Opening: Czech Defense,1600-2000,2677,0.5203586103847591,0.07792072461325619
B15,Caro-Kann Defense,1600-2000,2662,0.560480841472577,0.07748411240959581
D02,"Queen's Pawn Game: Symmetrical Variation, Pseudo-Catalan",1600-2000,2656,0.5071536144578314,0.07730946752813166
D03,Queen's Pawn Game: Torre Attack,1600-2000,2648,0.5083081570996979,0.07707660768617945
A46,Indian Game: London System,1600-2000,2632,0.496580547112462,0.07661088800227503
C48,Four Knights Game: Spanish Variation,1600-2000,2617,0.49369507069163165,0.07617427579861466
C36,King's Gambit Accepted: Modern Defense #2,1600-2000,2610,0.5900383141762452,0.07597052343690648
C20,King's Pawn Game: King's Head Opening #2,1600-2000,2597,0.3862148633038121,0.07559212619373415
C57,"Italian Game: Two Knights Defense, Knight Attack, Normal Variation",1600-2000,2596,0.5581664098613252,0.07556301871349012
A42,Sicilian Defense: Hyperaccelerated Fianchetto,1600-2000,2566,0.45713172252533124,0.07468979430616936
D10,Slav Defense #3,1600-2000,2562,0.5624512099921936,0.07457336438519326
B00,Nimzowitsch Defense: Franco-Nimzowitsch Variation,1600-2000,2559,0.545916373583431,0.07448604194446118
B06,Modern Defense: Three Pawns Attack,1600-2000,2555,0.5205479452054794,0.07436961202348508
B01,Scandinavian Defense: Blackburne Gambit,1600-2000,2554,0.4792482380579483,0.07434050454324106
B00,King's Pawn Game: Nimzowitsch Defense,1600-2000,2526,0.613618368962787,0.07352549509640834
B46,Sicilian Defense: Paulsen Variation,1600-2000,2523,0.4470868014268728,0.07343817265567626
C46,Three Knights Opening #2,1600-2000,2519,0.4978165938864629,0.07332174273470016
A00,Gedult's Opening,1600-2000,2517,0.38974970202622167,0.0732635277742121
B45,Sicilian Defense: Four Knights Variation,1600-2000,2513,0.4440907282132909,0.073147097853236
B01,Scandinavian Defense: Blackburne-Kloosterboer Gambit,1600-2000,2485,0.47002012072434607,0.0723320884064033
E60,"King's Indian Defense: Normal Variation, King's Knight Variation",1600-2000,2474,0.47413096200485044,0.07201190612371902
A00,Anderssen Opening,1600-2000,2474,0.473322554567502,0.07201190612371902
B57,"Sicilian Defense: Modern Variations, Main Line",1600-2000,2445,0.4306748466257669,0.07116778919664228
B02,Alekhine Defense: John Tracy Gambit,1600-2000,2444,0.40384615384615385,0.07113868171639824
B06,Modern Defense: Two Knights Variation,1600-2000,2440,0.48565573770491804,0.07102225179542215
B52,"Sicilian Defense: Canal Attack, Main Line",1600-2000,2439,0.47150471504715047,0.07099314431517813
A48,London System,1600-2000,2430,0.4510288065843621,0.0707311769929819
B07,Pirc Defense #2,1600-2000,2429,0.521613832853026,0.07070206951273787
A40,Englund Gambit Complex: Hartlaub-Charlick Gambit,1600-2000,2424,0.5033003300330033,0.07055653211151774
B32,Sicilian Defense: Open #2,1600-2000,2420,0.4971074380165289,0.07044010219054164
C11,"French Defense: Classical Variation, Steinitz Variation",1600-2000,2411,0.4661965989216093,0.07017813486834541
A00,Kadas Opening,1600-2000,2411,0.36997096640398175,0.07017813486834541
B20,Sicilian Defense: Lasker-Dunne Attack,1600-2000,2407,0.47528043207312004,0.07006170494736931
B01,"Scandinavian Defense: Main Line, Mieses Variation",1600-2000,2397,0.475177304964539,0.06977063014492906
A02,Bird Opening: From's Gambit,1600-2000,2375,0.4652631578947368,0.0691302655795605
B70,Sicilian Defense: Dragon Variation,1600-2000,2366,0.4273034657650042,0.06886829825736428
D20,Queen's Gambit Accepted: Saduleto Variation,1600-2000,2363,0.6106644096487516,0.06878097581663219
C10,French Defense: Marshall Variation,1600-2000,2360,0.5639830508474576,0.06869365337590011
C01,French Defense: Mediterranean Defense,1600-2000,2357,0.5345778532032245,0.06860633093516803
B07,Pirc Defense #3,1600-2000,2357,0.4993635977938057,0.06860633093516803
C66,"Ruy Lopez: Berlin Defense, Improved Steinitz Defense",1600-2000,2355,0.5346072186836518,0.06854811597467998
B33,Sicilian Defense: Open,1600-2000,2336,0.4366438356164384,0.0679950738500435
E20,Nimzo-Indian Defense,1600-2000,2333,0.4766395199314188,0.06790775140931142
D05,Colle System #2,1600-2000,2287,0.4844774814167031,0.06656880731808625
B02,Alekhine Defense: Two Pawn Attack,1600-2000,2260,0.5123893805309735,0.06578290535149756
C28,Bishop's Opening: Vienna Hybrid,1600-2000,2236,0.5330948121645797,0.06508432582564096
C26,Vienna Game: Falkbeer Variation,1600-2000,2227,0.44319712617871576,0.06482235850344473
B01,Scandinavian Defense: Icelandic-Palme Gambit,1600-2000,2218,0.44229035166816955,0.0645603911812485
A17,"English Opening: Anglo-Indian Defense, Hedgehog System",1600-2000,2217,0.4961659900766802,0.06453128370100447
B13,Caro-Kann Defense: Panov Attack #2,1600-2000,2214,0.506323396567299,0.0644439612602724
B56,Sicilian Defense: Classical Variation,1600-2000,2195,0.46788154897494305,0.06389091913563591
B90,"Sicilian Defense: Najdorf Variation, English Attack",1600-2000,2178,0.48622589531680444,0.06339609197148748
A41,Queen's Pawn Game: Anglo-Slav Opening,1600-2000,2173,0.50483202945237,0.06325055457026735
B06,Modern Defense: Standard Line,1600-2000,2172,0.5759668508287292,0.06322144709002332
B03,Alekhine Defense: Exchange Variation,1600-2000,2163,0.4637078132223763,0.06295947976782709
C40,Elephant Gambit: Paulsen Countergambit,1600-2000,2157,0.4432081594807603,0.06278483488636295
C21,Center Game,1600-2000,2135,0.4529274004683841,0.06214447032099438
C53,"Italian Game: Classical Variation, Giuoco Pianissimo",1600-2000,2134,0.514058106841612,0.06211536284075036
A00,Van Geet Opening: Reversed Nimzowitsch,1600-2000,2132,0.474671669793621,0.06205714788026231
C45,Scotch Game: Haxo Gambit,1600-2000,2116,0.5595463137996219,0.0615914281963579
B01,Scandinavian Defense: Panov Transfer,1600-2000,2111,0.43675982946470865,0.06144589079513777
C42,Russian Game: Damiano Variation,1600-2000,2108,0.7229601518026565,0.06135856835440569
B53,Sicilian Defense: Chekhover Variation,1600-2000,2108,0.45683111954459205,0.06135856835440569
A03,Bird Opening,1600-2000,2094,0.4890162368672397,0.060951063630989344
B00,"Nimzowitsch Defense: Scandinavian Variation, Exchange Variation",1600-2000,2084,0.5379078694817658,0.06065998882854908
A00,Clemenz Opening,1600-2000,2067,0.41654571843251087,0.06016516166440065
B40,Sicilian Defense: Marshall Counterattack,1600-2000,2061,0.4983017952450267,0.059990516782936494
C28,Vienna Game: Vienna Gambit,1600-2000,2058,0.6073858114674441,0.059903194342204424
A46,Yusupov-Rubinstein System,1600-2000,2051,0.5060945880058508,0.05969944198049624
B90,"Sicilian Defense: Najdorf, Lipnitsky Attack",1600-2000,2050,0.47853658536585364,0.05967033450025222
D35,"Queen's Gambit Declined: Exchange Variation, Positional Variation #2",1600-2000,2049,0.5407515861395803,0.05964122702000819
C44,King's Pawn Game: Tayler Opening,1600-2000,2034,0.48180924287118976,0.059204614816347804
A04,Zukertort Opening: Ross Gambit,1600-2000,2028,0.5862919132149902,0.05902996993488365
C30,"King's Gambit Declined, Classical Variation",1600-2000,2023,0.5491843796342066,0.05888443253366353
A08,King's Indian Attack,1600-2000,2021,0.4962889658584859,0.05882621757317548
C20,King's Pawn Opening: 2.b3,1600-2000,2017,0.3882002974714923,0.05870978765219937
A45,Indian Game: Tartakower Attack,1600-2000,2015,0.4521091811414392,0.05865157269171132
A00,Ware Opening,1600-2000,2011,0.37941322725012433,0.05853514277073522
B32,Sicilian Defense: Open,1600-2000,2001,0.6356821589205397,0.05824406796829497
A25,"English Opening: King's English Variation, Reversed Closed Sicilian",1600-2000,2000,0.547,0.05821496048805094
B20,Sicilian Defense: Snyder Variation,1600-2000,1994,0.4353059177532598,0.05804031560658679
B07,Rat Defense: Antal Defense,1600-2000,1981,0.48864209994952046,0.05766191836341446
D07,Queen's Gambit Refused: Chigorin Defense #3,1600-2000,1976,0.6371457489878543,0.05751638096219433
E61,Indian Game: West Indian Defense,1600-2000,1974,0.4214792299898683,0.05745816600170628
A40,Englund Gambit Complex: Englund Gambit,1600-2000,1960,0.45,0.05705066127828992
C40,Latvian Gambit Accepted,1600-2000,1956,0.48773006134969327,0.05693423135731382
B06,Modern Defense: Mongredien Defense #2,1600-2000,1938,0.49226006191950467,0.056410296712921366
A57,Benko Gambit,1600-2000,1938,0.4024767801857585,0.056410296712921366
B06,Modern Defense: Standard Defense,1600-2000,1933,0.5245732022762545,0.05626475931170123
D01,Richter-Veresov Attack,1600-2000,1917,0.4694835680751174,0.05579903962779683
E21,Nimzo-Indian Defense: Three Knights Variation,1600-2000,1905,0.5280839895013123,0.055449749864868524
C48,"Four Knights Game: Spanish Variation, Classical Variation",1600-2000,1905,0.47506561679790027,0.055449749864868524
E70,King's Indian Defense: Normal Variation,1600-2000,1900,0.5368421052631579,0.055304212463648396
A41,Modern Defense,1600-2000,1887,0.4605193428722841,0.05492581522047607
B01,Scandinavian Defense: Marshall Variation,1600-2000,1860,0.4870967741935484,0.05413991325388738
A35,"English Opening: Symmetrical Variation, Two Knights Variation",1600-2000,1855,0.505121293800539,0.053994375852667253
B00,Goldsmith Defense,1600-2000,1849,0.5722011898323418,0.0538197309712031
A46,Torre Attack,1600-2000,1845,0.5040650406504065,0.053703301050227
D07,Queen's Gambit Refused: Chigorin Defense,1600-2000,1838,0.5935799782372143,0.05349954868851881
A52,Budapest Defense: Adler Variation,1600-2000,1831,0.4718732932823594,0.053295796326810634
E30,Nimzo-Indian Defense: Leningrad Variation,1600-2000,1827,0.4871373836891078,0.05317936640583453
C20,"King's Pawn Game: Wayward Queen Attack, Kiddie Countergambit",1600-2000,1814,0.48787210584343993,0.052800969162662206
B03,Alekhine Defense #2,1600-2000,1791,0.5527638190954773,0.05213149711704962
B36,Sicilian Defense: Accelerated Dragon,1600-2000,1783,0.45877734155916994,0.051898637275097415
A84,Dutch Defense: Rubinstein Variation,1600-2000,1767,0.46972269383135257,0.05143291759119301
D44,Queen's Gambit Declined: Vienna Variation,1600-2000,1758,0.608646188850967,0.05117095026899678
D35,Queen's Gambit Declined: Harrwitz Attack,1600-2000,1750,0.5154285714285715,0.05093809042704458
A01,Nimzo-Larsen Attack: Symmetrical Variation,1600-2000,1749,0.5242995997712979,0.050908982946800546
B27,Sicilian Defense,1600-2000,1742,0.5964408725602756,0.050705230585092374
B20,Sicilian Defense: Wing Gambit,1600-2000,1742,0.4908151549942595,0.050705230585092374
A46,Indian Game: Spielmann-Indian,1600-2000,1736,0.42626728110599077,0.050530585703628214
C10,French Defense: Paulsen Variation,1600-2000,1735,0.5671469740634005,0.050501478223384196
B00,Nimzowitsch Defense: Williams Variation,1600-2000,1731,0.5210860774119006,0.05038504830240809
C53,"Italian Game: Classical Variation, Albin Gambit",1600-2000,1693,0.5759007678676905,0.04927896405313512
B00,Ware Defense,1600-2000,1693,0.6113408151210868,0.04927896405313512
A65,Benoni Defense: King's Pawn Line,1600-2000,1693,0.5162433549911399,0.04927896405313512
D04,"Queen's Pawn Game: Colle System, Anti-Colle",1600-2000,1690,0.47159763313609465,0.04919164161240304
C02,"French Defense: Advance Variation, Euwe Variation",1600-2000,1690,0.38875739644970414,0.04919164161240304
A08,King's Indian Attack: French Variation,1600-2000,1683,0.5145573380867499,0.04898788925069487
A40,Englund Gambit Complex: Soller Gambit,1600-2000,1683,0.5448603683897801,0.04898788925069487
C21,Danish Gambit Accepted,1600-2000,1672,0.6537081339712919,0.04866770696801059
E10,Indian Game: Anti-Nimzo-Indian,1600-2000,1664,0.5114182692307693,0.04843484712605838
D21,Queen's Gambit Accepted: Rosenthal Variation,1600-2000,1661,0.6128838049367851,0.048347524685326305
E91,King's Indian Defense: Orthodox Variation,1600-2000,1661,0.5460565924142083,0.048347524685326305
C02,"French Defense: Advance Variation, Milner-Barry Gambit",1600-2000,1648,0.5018203883495146,0.04796912744215398
E77,King's Indian Defense: Six Pawns Attack,1600-2000,1637,0.45571166768478927,0.0476489451594697
B06,Modern Defense: Geller's System,1600-2000,1630,0.43006134969325155,0.04744519279776152
B00,Borg Defense,1600-2000,1629,0.565377532228361,0.047416085317517495
B01,Scandinavian Defense: Boehnke Gambit,1600-2000,1619,0.5219271155033972,0.04712501051507723
A03,Bird Opening: Williams Gambit,1600-2000,1615,0.4693498452012384,0.04700858059410114
C77,"Ruy Lopez: Morphy Defense, Anderssen Variation",1600-2000,1612,0.4913151364764268,0.04692125815336906
C20,King's Pawn Game: Mengarini's Opening,1600-2000,1603,0.4529008109794136,0.04665929083117283
E76,King's Indian Defense: Four Pawns Attack,1600-2000,1590,0.49559748427672956,0.0462808935880005
A06,Zukertort Opening: Reversed Mexican Defense,1600-2000,1587,0.4064272211720227,0.04619357114726842
C44,Scotch Game: Benima Defense,1600-2000,1584,0.5296717171717171,0.046106248706536346
B00,Barnes Defense,1600-2000,1582,0.5834386852085968,0.046048033746048295
B27,Sicilian Defense: Hyperaccelerated Pterodactyl,1600-2000,1579,0.461051298290057,0.04596071130531622
B20,Sicilian Defense: Mengarini Variation,1600-2000,1577,0.48319594166138236,0.04590249634482817
C44,"Scotch Game: Goering Gambit, Double Pawn Sacrifice",1600-2000,1576,0.6446700507614214,0.04587338886458414
D32,Tarrasch Defense: Symmetrical Variation,1600-2000,1575,0.4768253968253968,0.045844281384340116
A41,Rat Defense: English Rat,1600-2000,1573,0.5422759059122696,0.045786066423852065
A45,Indian Game: Pawn Push Variation,1600-2000,1570,0.364968152866242,0.04569874398311999
D20,"Queen's Gambit Accepted: Central Variation, Greco Variation",1600-2000,1568,0.5612244897959183,0.04564052902263194
C46,Four Knights Game: Gunsberg Variation,1600-2000,1566,0.508301404853129,0.045582314062143886
C64,"Ruy Lopez: Classical Variation, Central Variation",1600-2000,1563,0.5399872040946897,0.04549499162141181
A09,Reti Opening: Reti Accepted,1600-2000,1560,0.6032051282051282,0.04540766918067974
C24,Bishop's Opening: Ponziani Gambit,1600-2000,1542,0.5531776913099871,0.04488373453628728
B54,Sicilian Defense,1600-2000,1523,0.5863427445830598,0.044330692411650795
B00,Owen Defense: Smith Gambit,1600-2000,1522,0.4231274638633377,0.04430158493140677
D32,Tarrasch Defense,1600-2000,1511,0.5195234943745863,0.04398140264872249
C45,"Scotch Game: Classical Variation, Intermezzo Variation",1600-2000,1505,0.386046511627907,0.043806757767258335
A10,English Opening: Anglo-Dutch Defense,1600-2000,1503,0.5269461077844312,0.043748542806770284
C47,Four Knights Game: Scotch Variation,1600-2000,1498,0.5574098798397864,0.043603005405550156
D01,"Queen's Pawn Game: Veresov Attack, Classical Defense",1600-2000,1496,0.4304812834224599,0.043544790445062105
C03,French Defense: Tarrasch Variation,1600-2000,1494,0.5776439089692101,0.043486575484574054
B02,"Alekhine Defense: Scandinavian Variation, Geschev Gambit",1600-2000,1488,0.4952956989247312,0.0433119306031099
C26,"Vienna Game: Stanley Variation, Reversed Spanish",1600-2000,1485,0.5346801346801346,0.043224608162377824
C45,"Scotch Game: Scotch Gambit, Advance Variation",1600-2000,1485,0.5037037037037037,0.043224608162377824
D12,"Slav Defense: Quiet Variation, Pin Defense",1600-2000,1484,0.5276280323450134,0.0431955006821338
B03,Alekhine Defense,1600-2000,1478,0.456021650879567,0.043020855800669645
D08,"Queen's Gambit Refused: Albin Countergambit, Normal Line",1600-2000,1476,0.4986449864498645,0.042962640840181594
A57,Benoni Defense: Hromadka System,1600-2000,1472,0.5040760869565217,0.04284621091920549
C65,"Ruy Lopez: Berlin Defense, Beverwijk Variation",1600-2000,1470,0.5591836734693878,0.04278799595871744
C33,"King's Gambit Accepted, Bishop's Gambit",1600-2000,1469,0.5922396187882913,0.042758888478473416
B32,Sicilian Defense: Kalashnikov Variation,1600-2000,1463,0.48735475051264526,0.04258424359700927
C36,"King's Gambit Accepted, Modern Defense",1600-2000,1450,0.4986206896551724,0.04220584635383693
A42,Modern Defense: Averbakh Variation,1600-2000,1436,0.5229805013927576,0.04179834163042058
D21,Queen's Gambit Accepted: Normal Variation,1600-2000,1435,0.6334494773519164,0.04176923415017655
A45,Canard Opening,1600-2000,1434,0.5083682008368201,0.04174012666993252
B34,"Sicilian Defense: Accelerated Dragon, Exchange Variation",1600-2000,1432,0.42248603351955305,0.04168191170944447
C43,Petrov: Modern Attack,1600-2000,1430,0.5293706293706294,0.04162369674895642
C54,"Italian Game: Classical Variation, Greco Gambit, Traditional Line",1600-2000,1422,0.5021097046413502,0.04139083690700422
C26,"Bishop's Opening: Vienna Hybrid, Spielmann Attack",1600-2000,1420,0.5316901408450704,0.04133262194651617
C25,Vienna Game: Vienna Gambit,1600-2000,1418,0.5980253878702397,0.04127440698602812
B51,Sicilian Defense: Canal-Sokolsky Attack,1600-2000,1412,0.4752124645892351,0.04109976210456397
D00,Blackmar-Diemer Gambit: Gedult Gambit,1600-2000,1409,0.5202271114265437,0.04101243966383189
A48,Torre Attack,1600-2000,1408,0.4850852272727273,0.040983332183587864
B95,Sicilian Defense: Najdorf Variation,1600-2000,1405,0.40711743772241993,0.04089600974285579
E61,King's Indian Defense: Smyslov Variation,1600-2000,1405,0.4896797153024911,0.04089600974285579
C00,St. George Defense,1600-2000,1401,0.5560314061384726,0.040779579821879686
B41,Sicilian Defense: Kan Variation,1600-2000,1399,0.38527519656897785,0.040721364861391635
A00,Hungarian Opening: Reversed Modern Defense,1600-2000,1381,0.4706734250543085,0.040197430216999175
B53,"Sicilian Defense: Modern Variations, Tartakower",1600-2000,1376,0.5370639534883721,0.04005189281577905
C37,"King's Gambit Accepted, King's Knight Gambit",1600-2000,1360,0.5617647058823529,0.03958617313187464
B07,Pirc Defense: Byrne Variation,1600-2000,1355,0.4797047970479705,0.03944063573065451
A40,Polish Defense,1600-2000,1349,0.5352112676056338,0.039265990849190364
A05,King's Indian Attack: Symmetrical Defense,1600-2000,1343,0.4676098287416232,0.039091345967726204
D30,"Queen's Gambit Declined: Tarrasch Defense, Pseudo-Tarrasch",1600-2000,1341,0.5525727069351231,0.03903313100723815
A22,English Opening: Carls-Bremen System,1600-2000,1339,0.5765496639283048,0.0389749160467501
D00,"Queen's Pawn Game: Veresov Attack, Alburt Defense",1600-2000,1339,0.4234503360716953,0.0389749160467501
D07,Queen's Gambit Refused: Chigorin Defense #2,1600-2000,1336,0.562125748502994,0.038887593606018026
B31,"Sicilian Defense: Nyezhmetdinov-Rossolimo Attack, Fianchetto Variation",1600-2000,1330,0.43157894736842106,0.03871294872455388
A04,Zukertort Opening: Dutch Variation,1600-2000,1316,0.48404255319148937,0.038305444001137515
B00,Carr Defense,1600-2000,1313,0.6031987814166032,0.038218121560405445
A60,Benoni Defense: Modern Variation,1600-2000,1311,0.482837528604119,0.038159906599917394
C25,Vienna Game: Zhuravlev Countergambit #2,1600-2000,1310,0.516030534351145,0.03813079911967337
C42,Russian Game: Cozio (Lasker) Attack,1600-2000,1308,0.48547400611620795,0.03807258415918532
C69,"Ruy Lopez: Exchange Variation, Normal Variation",1600-2000,1303,0.5295471987720645,0.03792704675796519
D00,Blackmar-Diemer Gambit: Ryder Gambit,1600-2000,1299,0.5157813702848345,0.03781061683698909
C05,"French Defense: Tarrasch Variation, Closed Variation",1600-2000,1296,0.4876543209876543,0.03772329439625701
C41,Philidor Defense: Hanham Variation,1600-2000,1295,0.5027027027027027,0.037694186916012985
D10,"Slav Defense: Slav Gambit, Alekhine Attack",1600-2000,1293,0.54292343387471,0.037635971955524934
C68,"Ruy Lopez: Exchange Variation, Lutikov Variation",1600-2000,1290,0.603875968992248,0.03754864951479286
C00,French Defense: Horwitz Attack,1600-2000,1287,0.4677544677544678,0.03746132707406078
B12,"Caro-Kann Defense: Advance Variation, Botvinnik-Carls Defense",1600-2000,1282,0.4157566302652106,0.03731578967284065
C41,Philidor Defense: Lopez Countergambit,1600-2000,1281,0.531615925058548,0.03728668219259663
C40,Gunderam Defense,1600-2000,1276,0.6105015673981191,0.03714114479137651
C34,"King's Gambit Accepted, Becker Defense",1600-2000,1275,0.5419607843137255,0.03711203731113248
B00,Nimzowitsch Defense: Mikenas Variation,1600-2000,1266,0.6050552922590837,0.036850069988936245
A21,"English Opening: King's English Variation, Kramnik-Shirov Counterattack",1600-2000,1265,0.5391304347826087,0.03682096250869222
D31,Semi-Slav Defense: Marshall Gambit,1600-2000,1258,0.5747217806041336,0.03661721014698405
C68,"Ruy Lopez: Exchange Variation, King's Bishop Variation",1600-2000,1256,0.5342356687898089,0.036558995186495996
C40,Latvian Gambit,1600-2000,1254,0.5255183413078149,0.036500780226007945
D07,"Queen's Gambit Refused: Chigorin Defense, Janowski Variation",1600-2000,1253,0.6121308858739026,0.03647167274576392
B07,Czech Defense,1600-2000,1250,0.4496,0.03638435030503184
A45,Indian Game: Omega Gambit,1600-2000,1248,0.4423076923076923,0.036326135344543785
B40,"Sicilian Defense: French Variation, Normal",1600-2000,1246,0.41974317817014445,0.036267920384055734
B21,"Sicilian Defense: Smith-Morra Gambit Declined, Push Variation",1600-2000,1239,0.4576271186440678,0.03606416802234756
C41,Philidor Defense: Morphy Gambit,1600-2000,1232,0.564935064935065,0.03586041566063938
C57,"Italian Game: Two Knights Defense, Traxler Counterattack, Knight Sacrifice Line",1600-2000,1232,0.43912337662337664,0.03586041566063938
D30,Queen's Gambit Declined: Traditional Variation,1600-2000,1221,0.5004095004095004,0.035540233377955095
A84,Dutch Defense: Normal Variation,1600-2000,1213,0.4682605111294312,0.0353073735360029
A31,"English Opening: Symmetrical Variation, Anti-Benoni Variation",1600-2000,1208,0.4693708609271523,0.03516183613478277
B28,"Sicilian Defense: O'Kelly Variation, Normal System",1600-2000,1207,0.4772162386081193,0.035132728654538745
C21,King's Pawn Game: Beyer Gambit,1600-2000,1206,0.6509121061359867,0.03510362117429472
B40,Sicilian Defense: Kramnik Variation,1600-2000,1203,0.44222776392352453,0.03501629873356264
B40,Sicilian Defense: Drazic Variation,1600-2000,1203,0.5195344970906068,0.03501629873356264
C31,"King's Gambit, Falkbeer Countergambit, Staunton Line",1600-2000,1197,0.4444444444444444,0.03484165385209849
C20,Portuguese Opening,1600-2000,1193,0.44677284157585917,0.03472522393112239
D00,Queen's Pawn Game: Steinitz Countergambit,1600-2000,1187,0.4700926705981466,0.034550579049658234
E90,King's Indian Defense: Zinnowitz Variation,1600-2000,1185,0.46160337552742614,0.03449236408917018
B22,"Sicilian Defense: Alapin Variation, Barmen Defense",1600-2000,1183,0.48520710059171596,0.03443414912868214
B24,"Sicilian Defense: Closed Variation, Fianchetto Variation",1600-2000,1183,0.5435333896872359,0.03443414912868214
C44,Scotch Game: Goering Gambit,1600-2000,1165,0.5733905579399141,0.03391021448428967
A00,"Grob Opening: Grob Gambit, Fritz Gambit",1600-2000,1156,0.5458477508650519,0.03364824716209344
B10,Caro-Kann Defense #2,1600-2000,1155,0.5298701298701298,0.033619139681849416
C00,French Defense: Reti-Spielmann Attack,1600-2000,1152,0.4539930555555556,0.03353181724111734
C28,"Vienna Game: Stanley Variation, Three Knights Variation",1600-2000,1146,0.537521815008726,0.03335717235965319
A40,"Englund Gambit Declined, Reversed Alekhine",1600-2000,1145,0.5432314410480349,0.03332806487940917
C50,Italian Game: Rousseau Gambit,1600-2000,1141,0.4723926380368098,0.033211634958433066
B12,"Caro-Kann Defense: Advance Variation, Van der Wiel Attack",1600-2000,1139,0.4266900790166813,0.033153419997945015
C44,King's Knight Opening: Konstantinopolsky,1600-2000,1137,0.3940193491644679,0.033095205037456964
D55,"Queen's Gambit Declined: Modern Variation, Normal Line",1600-2000,1133,0.5127978817299206,0.03297877511648086
B40,Sicilian Defense: Paulsen-Basman Defense,1600-2000,1132,0.48586572438162545,0.03294966763623683
B10,Caro-Kann Defense: Accelerated Panov Attack #2,1600-2000,1131,0.48099027409372236,0.032920560155992803
C44,King's Pawn Game: Dresden Opening,1600-2000,1126,0.45381882770870335,0.03277502275477268
A80,Dutch Defense: Raphael Variation,1600-2000,1123,0.4853072128227961,0.032687700314040606
A45,Trompowsky Attack: Classical Defense,1600-2000,1120,0.47232142857142856,0.03260037787330853
D20,Queen's Gambit Accepted: Accelerated Mannheim Variation,1600-2000,1114,0.5278276481149012,0.032425732991844376
C10,"French Defense: Rubinstein Variation, Blackburne Defense",1600-2000,1110,0.45675675675675675,0.032309303070868274
B01,Scandinavian Defense: Modern Variation,1600-2000,1107,0.4751580849141825,0.0322219806301362
D11,Slav Defense: Modern,1600-2000,1102,0.52994555353902,0.03207644322891607
A06,Nimzowitsch-Larsen Attack,1600-2000,1101,0.5104450499545867,0.032047335748672044
C44,"Scotch Game: Scotch Gambit, Dubois Reti Defense",1600-2000,1100,0.47363636363636363,0.03201822826842802
A01,Nimzo-Larsen Attack: Modern Variation,1600-2000,1098,0.40710382513661203,0.03196001330793997
D94,"Gruenfeld Defense: Three Knights Variation, Burille Variation",1600-2000,1096,0.4552919708029197,0.031901798347451917
D11,Slav Defense: Quiet Variation,1600-2000,1095,0.4648401826484018,0.03187269086720789
C60,Ruy Lopez: Nuernberg Variation,1600-2000,1094,0.6170018281535649,0.031843583386963865
C02,"French Defense: Advance Variation, Main Line",1600-2000,1089,0.5022956841138659,0.03169804598574374
B40,Sicilian Defense: Smith-Morra Gambit Deferred,1600-2000,1088,0.5073529411764706,0.03166893850549971
C57,"Italian Game: Two Knights Defense, Fritz Variation",1600-2000,1088,0.42463235294117646,0.03166893850549971
B40,Sicilian Defense: Pin Variation,1600-2000,1084,0.4492619926199262,0.03155250858452361
C22,Center Game: Berger Variation,1600-2000,1081,0.4495837187789084,0.03146518614379153
B02,"Alekhine Defense: Two Pawn Attack, Lasker Variation",1600-2000,1080,0.425,0.03143607866354751
C01,"French Defense: Exchange Variation, Svenonius Variation",1600-2000,1077,0.415041782729805,0.03134875622281543
C40,King's Pawn Game: Gunderam Gambit,1600-2000,1064,0.6043233082706767,0.030970358979643103
B94,Sicilian Defense: Najdorf Variation,1600-2000,1060,0.5018867924528302,0.030853929058667
C21,Center Game: Kieseritzky Variation #2,1600-2000,1051,0.5803996194100857,0.030591961736470767
E81,"King's Indian Defense: Saemisch Variation, Normal Defense",1600-2000,1049,0.5185891325071497,0.030533746775982723
B12,Caro-Kann Defense: Maroczy Variation,1600-2000,1047,0.5195797516714422,0.030475531815494672
E32,Nimzo-Indian Defense: Classical Variation,1600-2000,1043,0.5282837967401726,0.030359101894518566
C25,Vienna Game: Omaha Gambit,1600-2000,1041,0.5802113352545629,0.030300886934030515
D02,"Queen's Gambit Refused: Baltic Defense, Pseudo-Slav",1600-2000,1040,0.5028846153846154,0.03027177945378649
B27,Sicilian Defense: Katalimov Variation,1600-2000,1038,0.5086705202312138,0.03021356449329844
A04,Zukertort Opening: Wade Defense,1600-2000,1032,0.5377906976744186,0.030038919611834285
C00,French Defense,1600-2000,1030,0.3990291262135922,0.029980704651346238
B15,Caro-Kann Defense: Main Line,1600-2000,1020,0.4980392156862745,0.02968962984890598
C31,"King's Gambit, Falkbeer Countergambit Accepted",1600-2000,1018,0.6168958742632613,0.029631414888417928
C02,"French Defense: Advance, Steinitz Variation",1600-2000,1017,0.3647984267453294,0.029602307408173902
C00,French Defense: Schlechter Variation,1600-2000,1012,0.45849802371541504,0.029456770006953778
B17,Caro-Kann Defense: Karpov Variation,1600-2000,1006,0.47813121272365805,0.029282125125489625
A50,Slav Indian,1600-2000,1002,0.4880239520958084,0.029165695204513523
B28,Sicilian Defense: O'Kelly Variation,1600-2000,1002,0.43812375249500995,0.029165695204513523
D07,"Queen's Gambit Refused: Chigorin Defense, Exchange Variation",1600-2000,1002,0.5708582834331337,0.029165695204513523
C21,"Danish Gambit Declined, Sorensen Defense",1600-2000,997,0.4262788365095286,0.029020157803293395
B92,"Sicilian Defense: Najdorf Variation, Opocensky Variation",1600-2000,992,0.45564516129032256,0.02887462040207327
C57,"Italian Game: Two Knights Defense, Polerio Defense",1600-2000,992,0.3971774193548387,0.02887462040207327
A13,English Opening: Agincourt Defense #3,1600-2000,991,0.5671039354187689,0.028845512921829245
D15,Slav Defense: Schlechter Variation,1600-2000,988,0.4979757085020243,0.028758190481097165
C21,"Danish Gambit Accepted, Copenhagen Defense",1600-2000,986,0.5740365111561866,0.028699975520609114
A36,"English Opening: Symmetrical Variation, Fianchetto Variation",1600-2000,985,0.5756345177664974,0.02867086804036509
C41,Philidor Defense: Nimzowitsch Variation,1600-2000,982,0.6415478615071283,0.028583545599633012
D31,Semi-Slav Defense: Noteboom Variation,1600-2000,978,0.523517382413088,0.02846711567865691
B01,Scandinavian Defense: Kloosterboer Gambit,1600-2000,972,0.4845679012345679,0.02829247079719276
C26,Vienna Game: Mengarini Variation,1600-2000,970,0.465979381443299,0.02823425583670471
B02,Alekhine Defense: Mokele Mbembe,1600-2000,969,0.651186790505676,0.028205148356460683
C49,Four Knights Game: Double Spanish,1600-2000,969,0.49226006191950467,0.028205148356460683
B80,Sicilian Defense: Scheveningen Variation,1600-2000,967,0.45708376421923474,0.028146933395972632
C65,Ruy Lopez: Berlin Defense,1600-2000,964,0.6628630705394191,0.028059610955240556
E10,Blumenfeld Countergambit #2,1600-2000,960,0.5114583333333333,0.02794318103426445
C44,Scotch Game: Lolli Variation,1600-2000,958,0.6002087682672234,0.0278849660737764
A45,Paleface Attack,1600-2000,956,0.35669456066945604,0.027826751113288348
D12,"Slav Defense: Quiet Variation, Schallopp Defense",1600-2000,953,0.453305351521511,0.027739428672556275
D44,"Queen's Gambit Declined: Vienna Variation, Quiet Variation",1600-2000,953,0.5739769150052466,0.027739428672556275
D20,"Queen's Gambit Accepted: Central Variation, McDonnell Defense",1600-2000,953,0.5498426023084995,0.027739428672556275
A84,Dutch Defense,1600-2000,949,0.5258166491043204,0.027622998751580172
A10,English Opening: Anglo-Lithuanian Variation,1600-2000,949,0.5521601685985248,0.027622998751580172
E61,King's Indian Defense: Semi-Classical Variation,1600-2000,944,0.4777542372881356,0.027477461350360045
B06,"Modern Defense: Two Knights Variation, Suttles Variation",1600-2000,942,0.4447983014861996,0.027419246389871994
B00,Nimzowitsch Defense: Kennedy Variation,1600-2000,941,0.5143464399574921,0.027390138909627968
A45,"Trompowsky Attack: Classical Defense, Big Center Variation",1600-2000,941,0.5037194473963869,0.027390138909627968
A09,Reti Opening: Advance Variation,1600-2000,941,0.5462274176408076,0.027390138909627968
A13,English Opening: Agincourt Defense #2,1600-2000,939,0.5410010649627263,0.027331923949139917
C67,"Ruy Lopez: Berlin Defense, Rio Gambit Accepted",1600-2000,938,0.6364605543710021,0.027302816468895888
B33,"Sicilian Defense: Lasker-Pelikan Variation, Schlechter Variation",1600-2000,937,0.4610458911419424,0.02727370898865187
C01,French Defense: Perseus Gambit,1600-2000,936,0.4284188034188034,0.027244601508407844
D13,Slav Defense: Exchange Variation,1600-2000,930,0.4698924731182796,0.02706995662694369
B06,Modern Defense: Bishop Attack,1600-2000,921,0.4755700325732899,0.026807989304747457
A49,Indian Game: Przepiorka Variation,1600-2000,918,0.5076252723311547,0.026720666864015384
D20,"Queen's Gambit Accepted: Central Variation, Alekhine System",1600-2000,915,0.5453551912568306,0.026633344423283307
C55,"Italian Game: Two Knights Defense, de Riviere Gambit",1600-2000,915,0.4601092896174863,0.026633344423283307
D85,Gruenfeld Defense: Exchange Variation,1600-2000,909,0.4213421342134213,0.026458699541819154
D06,"Queen's Gambit Refused: Chigorin Defense, Modern Gambit",1600-2000,902,0.6906873614190687,0.026254947180110972
A00,Hungarian Opening: Reversed Alekhine,1600-2000,894,0.5123042505592841,0.02602208733815877
B33,"Sicilian Defense: Lasker-Pelikan Variation, Retreat Variation",1600-2000,893,0.3997760358342665,0.025992979857914746
D00,"Queen's Pawn Opening: Veresov Attack, Irish Gambit",1600-2000,889,0.4161979752530934,0.025876549936938643
B18,"Caro-Kann Defense: Classical Variation, Main Line",1600-2000,887,0.5062006764374295,0.025818334976450592
C78,Ruy Lopez: Morphy Defense,1600-2000,885,0.5615819209039548,0.02576012001596254
B56,Sicilian Defense: Modern Variations,1600-2000,883,0.5277463193657984,0.02570190505547449
D52,Queen's Gambit Declined,1600-2000,880,0.5022727272727273,0.025614582614742417
E00,Indian Game: Seirawan Attack,1600-2000,875,0.47085714285714286,0.02546904521352229
D00,Amazon Attack,1600-2000,872,0.40022935779816515,0.025381722772790213
B00,"Nimzowitsch Defense: Lean Variation, Colorado Counter Accepted",1600-2000,868,0.47119815668202764,0.025265292851814107
C31,"King's Gambit, Falkbeer Countergambit, Blackburne Attack",1600-2000,861,0.4529616724738676,0.025061540490105935
D24,Queen's Gambit Accepted: Showalter Variation,1600-2000,857,0.6079346557759626,0.02494511056912983
B22,"Sicilian Defense: Alapin Variation, Smith-Morra Declined",1600-2000,854,0.48711943793911006,0.024857788128397753
C21,Center Game: von der Lasa Gambit,1600-2000,854,0.5152224824355972,0.024857788128397753
A09,Reti Opening,1600-2000,848,0.5412735849056604,0.0246831432469336
B00,Nimzowitsch Defense: Pseudo-Spanish Variation,1600-2000,844,0.4834123222748815,0.024566713325957494
A44,Old Benoni Defense,1600-2000,843,0.4377224199288256,0.02453760584571347
B00,Guatemala Defense,1600-2000,832,0.6802884615384616,0.02421742356302919
A00,Polish Opening: King's Indian Variation,1600-2000,830,0.5036144578313253,0.02415920860254114
D20,"Queen's Gambit Accepted: Central Variation, Modern Defense",1600-2000,830,0.6036144578313253,0.02415920860254114
C25,"Vienna Game: Vienna Gambit, Steinitz Gambit, Knight Variation",1600-2000,822,0.6374695863746959,0.023926348760588936
A40,"Englund Gambit Declined, Reversed Krebs",1600-2000,821,0.47868453105968334,0.02389724128034491
A10,"English Opening: Anglo-Scandinavian Defense, Malvinas Variation",1600-2000,817,0.583843329253366,0.02378081135936881
B14,Caro-Kann Defense: Panov Attack,1600-2000,816,0.5098039215686274,0.023751703879124786
D80,Gruenfeld Defense,1600-2000,816,0.41911764705882354,0.023751703879124786
D00,Blackmar-Diemer Gambit: Netherlands Variation,1600-2000,814,0.5798525798525799,0.023693488918636735
E00,"Kangaroo Defense: Keres Defense, Transpositional Variation",1600-2000,810,0.5777777777777777,0.02357705899766063
B02,Alekhine Defense: Krejcik Variation,1600-2000,808,0.4207920792079208,0.02351884403717258
C30,"King's Gambit Declined, Petrov's Defense",1600-2000,804,0.5497512437810945,0.02340241411619648
B12,"Caro-Kann Defense: Advance Variation, Bayonet Attack",1600-2000,803,0.47073474470734744,0.023373306635952454
C64,"Ruy Lopez: Classical Variation, Zukertort Gambit",1600-2000,801,0.6279650436953808,0.023315091675464403
B76,"Sicilian Defense: Dragon Variation, Yugoslav Attack, Modern Line",1600-2000,796,0.5326633165829145,0.023169554274244275
C77,"Ruy Lopez: Morphy Defense, Tarrasch Variation",1600-2000,795,0.45660377358490567,0.02314044679400025
C01,"French Defense: Winawer Variation, Delayed Exchange Variation",1600-2000,793,0.510718789407314,0.0230822318335122
B12,Caro-Kann Defense #2,1600-2000,790,0.40632911392405063,0.022994909392780125
C50,"Italian Game: Giuoco Pianissimo, Canal Variation",1600-2000,788,0.516497461928934,0.02293669443229207
D26,"Queen's Gambit Accepted: Normal Variation, Traditional System",1600-2000,787,0.5921219822109276,0.022907586952048045
A00,Grob Opening: Grob Gambit,1600-2000,787,0.5095298602287166,0.022907586952048045
A15,"English Opening: Anglo-Indian Defense, King's Knight Variation",1600-2000,786,0.549618320610687,0.02287847947180402
B34,Sicilian Defense: Accelerated Dragon,1600-2000,785,0.5082802547770701,0.022849371991559994
C78,"Ruy Lopez: Morphy Defense, Neo-Arkhangelsk Variation",1600-2000,782,0.5728900255754475,0.022762049550827917
C36,"King's Gambit Accepted, Abbazia Defense",1600-2000,780,0.47307692307692306,0.02270383459033987
C41,Philidor Defense: Steinitz Variation,1600-2000,774,0.47416020671834624,0.022529189708875713
C30,King's Gambit Declined: Keene's Defense #2,1600-2000,774,0.6692506459948321,0.022529189708875713
C68,"Ruy Lopez: Exchange Variation, Keres Variation",1600-2000,774,0.44573643410852715,0.022529189708875713
A00,"Grob Opening: Spike, Hurst Attack",1600-2000,770,0.5324675324675324,0.022412759787899614
A50,Mexican Defense,1600-2000,770,0.5675324675324676,0.022412759787899614
D40,"Queen's Gambit Declined: Semi-Tarrasch Defense, Pillsbury Variation",1600-2000,764,0.5261780104712042,0.022238114906435458
C51,"Italian Game: Evans Gambit, McDonnell Defense",1600-2000,763,0.6369593709043251,0.022209007426191432
C00,French Defense: Chigorin Variation,1600-2000,754,0.5212201591511937,0.021947040103995206
C57,"Italian Game: Two Knights Defense, Knight Attack",1600-2000,754,0.8156498673740054,0.021947040103995206
B07,Pirc Defense: Roscher Gambit,1600-2000,750,0.4093333333333333,0.021830610183019104
C43,"Russian Game: Modern Attack, Symmetrical Variation #2",1600-2000,749,0.5433911882510013,0.021801502702775078
D00,Blackmar-Diemer Gambit: von Popiel Gambit,1600-2000,744,0.510752688172043,0.02165596530155495
A00,Van Geet Opening: Dunst-Perrenet Gambit,1600-2000,742,0.49865229110512127,0.0215977503410669
B23,Sicilian Defense: Closed #2,1600-2000,740,0.5054054054054054,0.021539535380578848
B09,Pirc Defense: Austrian Attack,1600-2000,739,0.516914749661705,0.021510427900334823
B00,Nimzowitsch Defense: Lean Variation,1600-2000,738,0.42953929539295393,0.021481320420090797
A04,Zukertort Opening: Quiet System,1600-2000,738,0.4241192411924119,0.021481320420090797
C48,Four Knights Game: Ranken Variation,1600-2000,734,0.5885558583106267,0.021364890499114695
D45,Semi-Slav Defense: Normal Variation,1600-2000,731,0.45964432284541723,0.021277568058382622
A43,Benoni Defense: Benoni-Indian Defense,1600-2000,728,0.4684065934065934,0.021190245617650542
D37,Queen's Gambit Declined: Harrwitz Attack,1600-2000,724,0.48756906077348067,0.021073815696674443
D00,Blackmar-Diemer Gambit: Teichmann Variation,1600-2000,721,0.5922330097087378,0.020986493255942366
B41,"Sicilian Defense: Kan Variation, Maroczy Bind, Reti Variation",1600-2000,720,0.475,0.02095738577569834
C15,French Defense: Winawer Variation,1600-2000,719,0.44506258692628653,0.020928278295454315
A00,Polish Opening: Bugayev Attack,1600-2000,713,0.5007012622720898,0.020753633413990162
B27,Sicilian Defense: Jalalabad Variation,1600-2000,713,0.6241234221598878,0.020753633413990162
B43,"Sicilian Defense: Kan Variation, Wing Attack",1600-2000,712,0.4143258426966292,0.020724525933746137
D05,Colle System: Traditional Colle,1600-2000,710,0.5352112676056338,0.020666310973258085
C70,"Ruy Lopez: Morphy Defense, Classical Defense Deferred",1600-2000,707,0.536067892503536,0.02057898853252601
B84,"Sicilian Defense: Scheveningen Variation, Classical Variation",1600-2000,704,0.46448863636363635,0.020491666091793932
A52,Budapest Defense: Rubinstein Variation,1600-2000,698,0.48424068767908307,0.02031702121032978
D07,"Queen's Gambit Refused: Chigorin Defense, Main Line",1600-2000,695,0.5510791366906475,0.020229698769597702
D40,Queen's Gambit Declined: Semi-Tarrasch Defense,1600-2000,694,0.5057636887608069,0.020200591289353677
E71,King's Indian Defense: Makogonov Variation,1600-2000,692,0.49421965317919075,0.020142376328865626
C31,King's Gambit Declined: Falkbeer Countergambit,1600-2000,691,0.36324167872648333,0.0201132688486216
A52,Budapest Defense,1600-2000,689,0.4412191582002903,0.02005505388813355
C57,"Italian Game: Two Knights Defense, Ulvestad Variation",1600-2000,684,0.39035087719298245,0.01990951648691342
A80,Dutch Defense: Hopton Attack,1600-2000,682,0.6392961876832844,0.01985130152642537
C45,Scotch Game: Potter Variation,1600-2000,681,0.47430249632892807,0.019822194046181345
B02,Alekhine Defense: Brooklyn Variation,1600-2000,681,0.5491923641703378,0.019822194046181345
B28,"Sicilian Defense: O'Kelly Variation, Yerevan System",1600-2000,678,0.443952802359882,0.019734871605449268
B00,"Nimzowitsch Defense: Kennedy Variation, de Smet Gambit",1600-2000,677,0.5465288035450517,0.019705764125205243
B21,Sicilian Defense: Morphy Gambit,1600-2000,677,0.4933530280649926,0.019705764125205243
B80,"Sicilian Defense: Scheveningen Variation, English Attack #2",1600-2000,676,0.507396449704142,0.01967665664496122
C42,Russian Game: Classical Attack,1600-2000,674,0.5727002967359051,0.01961844168447317
C45,Scotch Game: Mieses Variation,1600-2000,671,0.4262295081967213,0.01953111924374109
B03,Alekhine Defense: Four Pawns Attack,1600-2000,670,0.5223880597014925,0.019502011763497064
C00,French Defense: Pelikan Variation,1600-2000,670,0.4925373134328358,0.019502011763497064
C07,"French Defense: Tarrasch Variation, Open System, Suechting Line",1600-2000,668,0.49550898203592814,0.019443796803009013
C41,Philidor Defense: Bird Gambit,1600-2000,668,0.5748502994011976,0.019443796803009013
A08,King's Indian Attack: Sicilian Variation,1600-2000,667,0.5427286356821589,0.01941468932276499
A22,"English Opening: King's English Variation, Two Knights Variation, Reversed Dragon",1600-2000,666,0.5435435435435435,0.019385581842520965
B15,Caro-Kann Defense: Tartakower Variation,1600-2000,658,0.42857142857142855,0.019152722000568757
B08,"Pirc Defense: Classical Variation, Schlechter Variation",1600-2000,656,0.4969512195121951,0.01909450704008071
A16,English Opening: Anglo-Gruenfeld Defense,1600-2000,656,0.49390243902439024,0.01909450704008071
B21,"Sicilian Defense: Smith-Morra Gambit Accepted, Paulsen Formation",1600-2000,652,0.5322085889570553,0.018978077119104608
A04,Zukertort Opening: Vos Gambit,1600-2000,651,0.5698924731182796,0.018948969638860582
E21,"Nimzo-Indian Defense: Three Knights Variation, Duchamp Variation",1600-2000,643,0.4867807153965785,0.018716109796908378
C21,Center Game: Kieseritzky Variation #4,1600-2000,638,0.6269592476489029,0.018570572395688253
C22,Center Game: Hall Variation,1600-2000,638,0.33072100313479624,0.018570572395688253
A18,English Opening: Mikenas-Carls Variation #2,1600-2000,637,0.5572998430141287,0.018541464915444224
C23,Bishop's Opening: Calabrese Countergambit,1600-2000,637,0.48194662480376765,0.018541464915444224
A48,"Indian Game: Colle System, King's Indian Variation",1600-2000,636,0.3789308176100629,0.0185123574352002
B32,Sicilian Defense: Godiva Variation,1600-2000,635,0.4204724409448819,0.018483249954956173
C41,Philidor Defense: Lion Variation,1600-2000,633,0.3791469194312796,0.018425034994468122
C21,"Danish Gambit Accepted, Classical Defense",1600-2000,633,0.6113744075829384,0.018425034994468122
B21,"Sicilian Defense: Smith-Morra Gambit Accepted, Scheveningen Formation",1600-2000,632,0.5348101265822784,0.018395927514224097
D85,"Gruenfeld Defense: Exchange Variation, Modern Exchange Variation",1600-2000,629,0.4610492845786963,0.018308605073492024
C54,"Italian Game: Giuoco Piano, Greco's Attack",1600-2000,625,0.5216,0.01819217515251592
C46,Four Knights Game: Halloween Gambit,1600-2000,625,0.584,0.01819217515251592
B29,"Sicilian Defense: Nimzowitsch Variation, Closed Variation",1600-2000,621,0.500805152979066,0.018075745231539816
A84,Dutch Defense: Classical Variation,1600-2000,621,0.47020933977455714,0.018075745231539816
B72,"Sicilian Defense: Dragon, 6.Be3",1600-2000,620,0.4338709677419355,0.01804663775129579
C44,"Scotch Game: Scotch Gambit, Sarratt Variation",1600-2000,620,0.5129032258064516,0.01804663775129579
D00,Blackmar-Diemer Gambit: Zeller Defense,1600-2000,617,0.5445705024311183,0.017959315310563717
A00,Van Geet Opening: Napoleon Attack,1600-2000,617,0.5948136142625607,0.017959315310563717
E00,Kangaroo Defense,1600-2000,616,0.5909090909090909,0.01793020783031969
B86,Sicilian Defense: Sozin Attack,1600-2000,613,0.45024469820554647,0.017842885389587615
C20,King's Pawn Game: Alapin Opening,1600-2000,613,0.48776508972267535,0.017842885389587615
C53,"Italian Game: Classical Variation, La Bourdonnais Variation",1600-2000,609,0.48932676518883417,0.017726455468611513
C00,"French Defense: Horwitz Attack, Papa-Ticulat Gambit",1600-2000,605,0.5586776859504132,0.01761002554763541
E24,"Nimzo-Indian Defense: Saemisch Variation, Accelerated",1600-2000,604,0.4337748344370861,0.017580918067391385
C05,"French Defense: Tarrasch Variation, Closed Variation #2",1600-2000,602,0.5149501661129569,0.017522703106903334
A27,"English Opening: King's English Variation, Three Knights System",1600-2000,597,0.5376884422110553,0.017377165705683206
B29,Sicilian Defense: Nimzowitsch Variation,1600-2000,596,0.48825503355704697,0.01734805822543918
A15,"English Opening: Anglo-Indian Defense, King's Indian Formation",1600-2000,595,0.4756302521008403,0.017318950745195155
B38,"Sicilian Defense: Accelerated Dragon, Maroczy Bind",1600-2000,595,0.534453781512605,0.017318950745195155
B45,"Sicilian Defense: Four Knights Variation, Exchange Variation",1600-2000,594,0.468013468013468,0.01728984326495113
B20,Sicilian Defense: Keres Variation,1600-2000,594,0.45791245791245794,0.01728984326495113
C42,Russian Game: Nimzowitsch Attack,1600-2000,593,0.5699831365935919,0.017260735784707104
B01,Scandinavian Defense: Portuguese Variation,1600-2000,593,0.4300168634064081,0.017260735784707104
D91,"Gruenfeld Defense: Three Knights Variation, Petrosian System",1600-2000,591,0.4433164128595601,0.017202520824219053
C58,"Italian Game: Two Knights Defense, Polerio Defense, Bogoljubov Variation",1600-2000,589,0.533106960950764,0.017144305863731002
A45,Indian Game: Reversed Chigorin Defense,1600-2000,588,0.4268707482993197,0.017115198383486976
A00,Polish Opening: Outflank Variation,1600-2000,584,0.4726027397260274,0.016998768462510874
E61,King's Indian Defense: 3.Nc3,1600-2000,581,0.5129087779690189,0.0169114460217788
B06,Modern Defense: Mongredien Defense,1600-2000,578,0.5657439446366782,0.01682412358104672
C45,Scotch Game: Malaniuk Variation,1600-2000,576,0.4635416666666667,0.01676590862055867
B57,"Sicilian Defense: Sozin, not Scheveningen",1600-2000,575,0.48695652173913045,0.016736801140314644
C55,"Italian Game: Two Knights Defense, Max Lange Attack",1600-2000,574,0.6341463414634146,0.01670769366007062
B54,Sicilian Defense: Prins Variation,1600-2000,574,0.47735191637630664,0.01670769366007062
A34,"English Opening: Symmetrical Variation, Fianchetto Variation",1600-2000,573,0.5357766143106457,0.016678586179826593
A04,Zukertort Opening: Arctic Defense,1600-2000,572,0.6206293706293706,0.01664947869958257
B33,Sicilian Defense: Lasker-Pelikan Variation,1600-2000,571,0.5201401050788091,0.016620371219338546
B35,"Sicilian Defense: Accelerated Dragon, Modern Bc4 Variation",1600-2000,569,0.4446397188049209,0.016562156258850495
C16,"French Defense: Winawer Variation, Advance Variation",1600-2000,568,0.5475352112676056,0.01653304877860647
A21,English Opening: King's English Variation,1600-2000,566,0.5318021201413428,0.016474833818118415
A28,"English Opening: Four Knights System, Nimzowitsch Variation",1600-2000,565,0.46371681415929206,0.01644572633787439
A43,Queen's Pawn Game: Liedmann Gambit,1600-2000,561,0.483065953654189,0.01632929641689829
C72,"Ruy Lopez: Morphy Defense, Modern Steinitz Defense",1600-2000,561,0.5561497326203209,0.01632929641689829
B07,Lion Defense: Lion's Jaw,1600-2000,561,0.4563279857397504,0.01632929641689829
B00,"Nimzowitsch Defense: Scandinavian Variation, Bogoljubov Variation",1600-2000,560,0.4875,0.016300188936654265
D80,Gruenfeld Defense: Stockholm Variation,1600-2000,560,0.4517857142857143,0.016300188936654265
A07,King's Indian Attack: Keres Variation #2,1600-2000,558,0.5752688172043011,0.016241973976166214
E40,Nimzo-Indian Defense: Normal Line,1600-2000,552,0.5163043478260869,0.01606732909470206
A22,"English Opening: King's English Variation, Two Knights Variation, Smyslov System",1600-2000,549,0.5446265938069217,0.015980006653969984
B07,Rat Defense: Balogh Defense,1600-2000,549,0.6247723132969034,0.015980006653969984
B12,"Caro-Kann Defense: Advance Variation, Tal Variation",1600-2000,549,0.546448087431694,0.015980006653969984
C20,King's Pawn Game: Tortoise Opening,1600-2000,549,0.366120218579235,0.015980006653969984
C41,Philidor Defense: Philidor Countergambit,1600-2000,547,0.5612431444241316,0.015921791693481933
C70,"Ruy Lopez: Morphy Defense, Graz Variation",1600-2000,546,0.5494505494505495,0.015892684213237907
C47,"Four Knights Game: Italian Variation, Noa Gambit",1600-2000,545,0.42018348623853213,0.01586357673299388
C11,French Defense: Burn Variation,1600-2000,542,0.492619926199262,0.015776254292261805
C37,"King's Gambit Accepted, Blachly Gambit",1600-2000,539,0.5306122448979592,0.01568893185152973
C00,French Defense: Wing Gambit,1600-2000,537,0.5195530726256983,0.015630716891041677
A20,"English Opening: King's English Variation, Nimzowitsch Variation",1600-2000,535,0.5102803738317757,0.015572501930553626
B01,"Scandinavian Defense: Modern Variation, Gipslis Variation",1600-2000,535,0.497196261682243,0.015572501930553626
D00,Blackmar-Diemer Gambit: Euwe Defense,1600-2000,534,0.6610486891385767,0.015543394450309602
C21,Center Game: Halasz-McDonnell Gambit,1600-2000,532,0.5394736842105263,0.015485179489821551
B20,"Sicilian Defense: Wing Gambit, Carlsbad Variation",1600-2000,531,0.512241054613936,0.015456072009577526
C23,Bishop's Opening: Khan Gambit,1600-2000,531,0.5480225988700564,0.015456072009577526
B07,Pirc Defense: Kholmov System,1600-2000,531,0.4613935969868173,0.015456072009577526
C55,Italian Game: Scotch Gambit Declined,1600-2000,530,0.6169811320754717,0.0154269645293335
C37,King's Gambit Accepted: King Knight's Gambit,1600-2000,526,0.4505703422053232,0.015310534608357396
C41,"Philidor Defense: Nimzowitsch Variation, Klein Variation",1600-2000,525,0.5504761904761905,0.015281427128113374
D00,"Queen's Pawn Opening: Veresov, Richter Attack",1600-2000,524,0.35877862595419846,0.015252319647869349
A41,Wade Defense,1600-2000,524,0.5209923664122137,0.015252319647869349
C20,"King's Pawn Game: Clam Variation, King's Gambit Reversed",1600-2000,523,0.45506692160611856,0.015223212167625321
B00,Nimzowitsch Defense: French Connection,1600-2000,522,0.524904214559387,0.015194104687381296
A10,"English Opening: Anglo-Scandinavian Defense, Schulz Gambit",1600-2000,522,0.5421455938697318,0.015194104687381296
D35,"Queen's Gambit Declined: Exchange Variation, Positional Variation",1600-2000,515,0.47572815533980584,0.014990352325673119
C11,"French Defense: Steinitz Variation, Boleslavsky Variation",1600-2000,513,0.49902534113060426,0.014932137365185068
C11,French Defense: Steinitz Variation #2,1600-2000,513,0.442495126705653,0.014932137365185068
A50,Queen's Indian Accelerated,1600-2000,512,0.537109375,0.014903029884941042
C45,Scotch Game: Steinitz Variation,1600-2000,511,0.3776908023483366,0.014873922404697017
E90,King's Indian Defense: Larsen Variation,1600-2000,506,0.40118577075098816,0.014728385003476889
C41,Philidor Defense: Larsen Variation,1600-2000,504,0.5119047619047619,0.014670170042988838
C57,"Italian Game: Two Knights Defense, Traxler Counterattack, Bishop Sacrifice Line",1600-2000,504,0.5337301587301587,0.014670170042988838
A00,Polish Opening: Birmingham Gambit,1600-2000,504,0.4781746031746032,0.014670170042988838
B06,Modern Defense: Pseudo-Austrian Attack,1600-2000,504,0.5773809523809523,0.014670170042988838
A04,Reti Opening,1600-2000,504,0.8492063492063492,0.014670170042988838
D37,Queen's Gambit Declined: Barmen Variation,1600-2000,504,0.5158730158730159,0.014670170042988838
A50,Indian Game: Normal Variation,1600-2000,502,0.6294820717131474,0.014611955082500787
A00,Hungarian Opening: Dutch Defense,1600-2000,502,0.44223107569721115,0.014611955082500787
A10,English Opening: Jaenisch Gambit,1600-2000,502,0.5119521912350598,0.014611955082500787
C33,"King's Gambit Accepted, Polerio Gambit",1600-2000,501,0.500998003992016,0.014582847602256761
C40,Latvian Gambit: Mlotkowski Variation,1600-2000,501,0.5149700598802395,0.014582847602256761
A00,Van't Kruijs Opening,2000-2400,20132,0.43656864693026026,1.5311578297290431
A40,Horwitz Defense,2000-2400,18200,0.5296153846153846,1.3842177876549069
B01,Scandinavian Defense: Mieses-Kotroc Variation,2000-2400,14449,0.5539483701294208,1.0989320227376786
A45,Indian Game,2000-2400,14255,0.4166257453525079,1.084177173792346
A43,Old Benoni Defense,2000-2400,14135,0.4487442518570923,1.0750504631045115
A00,Mieses Opening,2000-2400,13892,0.48063633746040885,1.0565688739616466
A40,Modern Defense,2000-2400,13037,0.5064048477410448,0.9915410603108253
B10,Caro-Kann Defense,2000-2400,11953,0.35882205304107756,0.9090964404307199
C00,French Defense: Knight Variation,2000-2400,11719,0.40634866456182267,0.8912993545894424
B01,Scandinavian Defense,2000-2400,11082,0.4883595018949648,0.8428517320215209
B06,Modern Defense,2000-2400,10795,0.4522464103751737,0.8210236822931165
A00,Hungarian Opening,2000-2400,10621,0.4959984935505131,0.8077899517957563
D02,Queen's Pawn Game: Zukertort Variation,2000-2400,10402,0.5417227456258412,0.7911337047904584
B00,Owen Defense,2000-2400,9777,0.570931778664212,0.7435987532913201
A40,Queen's Pawn,2000-2400,9527,0.5484412721738218,0.7245847726916648
B30,Sicilian Defense: Old Sicilian,2000-2400,9281,0.4354056674927271,0.7058750157816038
B07,Pirc Defense #4,2000-2400,9188,0.4317588158467566,0.6988018149985321
A01,Nimzo-Larsen Attack,2000-2400,8185,0.5197312156383629,0.622517724832715
C01,French Defense: Exchange Variation,2000-2400,8078,0.4335231492943798,0.6143797411360625
B20,Sicilian Defense: Bowdler Attack,2000-2400,7799,0.3176048211309142,0.5931601387868471
A02,Bird Opening,2000-2400,7229,0.50380412228524,0.549808263019633
B23,Sicilian Defense: Closed Variation,2000-2400,7219,0.5223715196010528,0.5490477037956468
A04,Zukertort Opening: Sicilian Invitation,2000-2400,6815,0.5380777696258254,0.5183211111466038
B21,Sicilian Defense: McDonnell Attack,2000-2400,6807,0.4142794182459233,0.517712663767415
B06,Robatsch (Modern) Defense,2000-2400,6434,0.4821262045383898,0.48934380471272915
B50,Sicilian Defense,2000-2400,6358,0.405001572821642,0.48356355461043393
D00,Queen's Pawn Game #2,2000-2400,6356,0.5053492762743864,0.48341144276563675
A00,Saragossa Opening,2000-2400,6346,0.49196344153797666,0.48265088354165053
A41,Queen's Pawn,2000-2400,6317,0.47854994459395284,0.4804452617920905
B01,Scandinavian Defense: Modern Variation #2,2000-2400,6297,0.4443385739240908,0.4789241433441181
B22,Sicilian Defense: Alapin Variation,2000-2400,6271,0.49657151969382873,0.47694668936175394
C00,French Defense: Normal Variation,2000-2400,6170,0.5794165316045381,0.4692650411994932
B20,Sicilian Defense,2000-2400,6027,0.3117637298821968,0.45838904429649036
A00,Van Geet Opening,2000-2400,5829,0.5210156115971865,0.4433299716615633
D00,Queen's Pawn Game,2000-2400,5472,0.46326754385964913,0.4161780073652555
A01,Nimzo-Larsen Attack: Classical Variation,2000-2400,5439,0.5298768155911013,0.413668161926101
A04,Zukertort Opening: Queen's Gambit Invitation,2000-2400,5179,0.5904614790500097,0.3938936221024595
A03,Bird Opening: Dutch Variation,2000-2400,5155,0.5016488845780795,0.39206827996489263
A40,English Defense #2,2000-2400,5131,0.5784447476125512,0.39024293782732566
B40,Sicilian Defense: French Variation,2000-2400,5012,0.40901835594573027,0.38119228306188974
B01,Scandinavian Defense: Main Line,2000-2400,4931,0.46380044615696614,0.3750317533476014
A04,Zukertort Opening: Kingside Fianchetto,2000-2400,4847,0.5362079636888797,0.36864305586611723
B13,Caro-Kann Defense: Exchange Variation,2000-2400,4781,0.4371470403681238,0.36362336498780823
D30,Queen's Gambit Declined,2000-2400,4751,0.4988423489791623,0.3613416873158496
D00,Queen's Pawn Game: Mason Attack,2000-2400,4602,0.526510212950891,0.350009354878455
B23,Sicilian Defense: Closed,2000-2400,4586,0.4755778456170955,0.3487924601200771
D10,Slav Defense #2,2000-2400,4530,0.4960264900662252,0.3445333284657543
D06,Queen's Gambit Refused: Marshall Defense,2000-2400,4443,0.6326806212018906,0.33791646321707425
C00,French Defense: King's Indian Attack,2000-2400,4436,0.49413886384129846,0.3373840717602839
C00,French Defense: Queen's Knight,2000-2400,4375,0.47154285714285715,0.332744660493968
C41,Philidor Defense #3,2000-2400,4068,0.632251720747296,0.3093954923175913
B30,Sicilian Defense: Nyezhmetdinov-Rossolimo Attack,2000-2400,4018,0.5258835241413639,0.3055926961976602
B21,Sicilian Defense: Smith-Morra Gambit,2000-2400,3988,0.5280842527582749,0.3033110185257016
D43,Semi-Slav Defense,2000-2400,3983,0.54180266131057,0.3029307389137085
A01,Nimzo-Larsen Attack: Indian Variation,2000-2400,3957,0.4796563052817791,0.3009532849313443
B02,Alekhine Defense: Scandinavian Variation,2000-2400,3953,0.42094611687326083,0.30064906124174984
A04,Zukertort Opening: Pirc Invitation,2000-2400,3942,0.5578386605783866,0.299812446095365
D02,Queen's Pawn Game: London System,2000-2400,3904,0.5138319672131147,0.2969223210442174
A06,Zukertort Opening: Tennison Gambit,2000-2400,3880,0.4747422680412371,0.2950969789066505
B25,"Sicilian Defense: Closed Variation, Traditional",2000-2400,3789,0.4806017418844022,0.28817588996837595
A13,English Opening: Agincourt Defense,2000-2400,3768,0.5045116772823779,0.2865787155980049
A20,English Opening: King's English Variation,2000-2400,3742,0.5125601282736505,0.28460126161564075
A10,English Opening,2000-2400,3734,0.5385645420460632,0.2839928142364518
B07,Pirc Defense #5,2000-2400,3680,0.5211956521739131,0.27988579442692624
A04,Zukertort Opening: Slav Invitation,2000-2400,3422,0.5374050263004091,0.26026336644808196
B21,Sicilian Defense: Smith-Morra Gambit #2,2000-2400,3396,0.3948763250883392,0.2582859124657178
C00,French Defense: La Bourdonnais Variation,2000-2400,3389,0.4440838005311301,0.2577535210089274
A00,Polish Opening,2000-2400,3337,0.43871741084806715,0.25379861304419915
A15,English Opening: Anglo-Indian Defense,2000-2400,3329,0.48122559327125264,0.2531901656650101
D02,Queen's Pawn Game: Chigorin Variation,2000-2400,3309,0.6503475370202478,0.2516690472170377
A07,King's Indian Attack,2000-2400,3261,0.6053357865685373,0.24801836294190394
A40,Englund Gambit,2000-2400,3220,0.49782608695652175,0.24490007012356046
B12,Caro-Kann Defense: Advance Variation,2000-2400,3162,0.41113219481340924,0.2404888266244404
A00,Hungarian Opening: Slav Formation,2000-2400,3138,0.46908859145952836,0.23866348448687352
A10,English Opening: Great Snake Variation,2000-2400,3108,0.49871299871299873,0.23638180681491489
A45,Trompowsky Attack,2000-2400,3093,0.4917555771096023,0.23524096797893557
A04,Reti Opening #2,2000-2400,3050,0.5013114754098361,0.23197056331579485
B32,Sicilian Defense: Loewenthal Variation,2000-2400,3038,0.4509545753785385,0.2310578922470114
B43,"Sicilian Defense: Kan Variation, Knight Variation",2000-2400,3024,0.359457671957672,0.22999310933343067
A80,Dutch Defense,2000-2400,2990,0.48561872909698994,0.22740720797187758
B06,Modern Defense: Standard Defense,2000-2400,2977,0.5387974470943904,0.22641848098069547
B10,Caro-Kann Defense: Two Knights Attack,2000-2400,2942,0.5390890550645819,0.22375652369674373
B08,Pirc Defense: Classical Variation,2000-2400,2922,0.4394250513347023,0.2222354052487713
D31,Queen's Gambit Declined: Queen's Knight Variation,2000-2400,2850,0.5736842105263158,0.2167593788360706
C62,Ruy Lopez: Steinitz Defense,2000-2400,2838,0.6398872445384073,0.21584670776728715
A00,Hungarian Opening: Indian Defense,2000-2400,2835,0.45008818342151674,0.21561854000009129
C00,French Defense #2,2000-2400,2826,0.2929936305732484,0.21493403669850367
D31,Semi-Slav Defense: Accelerated Move Order,2000-2400,2820,0.5031914893617021,0.21447770116411197
A16,"English Opening: Anglo-Indian Defense, Queen's Knight Variation",2000-2400,2801,0.46661906461977865,0.21303263863853814
B23,Sicilian Defense: Grand Prix Attack,2000-2400,2785,0.526032315978456,0.21181574388016022
A11,English Opening: Caro-Kann Defensive System,2000-2400,2774,0.44556596971881757,0.21097912873377536
D15,Slav Defense: Three Knights Variation,2000-2400,2747,0.5627957772115034,0.2089256188290126
D00,Queen's Pawn Game: Levitsky Attack,2000-2400,2709,0.5699520118124769,0.20603549377786498
A46,Indian Game: Wade-Tartakower Defense,2000-2400,2669,0.4792056950168602,0.20299325688192013
C23,Bishop's Opening,2000-2400,2630,0.5098859315589354,0.20002707590837393
A08,King's Indian Attack,2000-2400,2610,0.5659003831417625,0.1985059574604015
A30,English Opening: Symmetrical Variation,2000-2400,2597,0.5086638428956488,0.1975172304692194
C00,French Defense: Two Knights Variation,2000-2400,2591,0.513315322269394,0.19706089493482767
B11,Caro-Kann Defense,2000-2400,2538,0.41371158392434987,0.19302993104770075
C00,Rat Defense: Small Center Defense,2000-2400,2536,0.6427444794952681,0.1928778192029035
B07,Pirc Defense,2000-2400,2535,0.4059171597633136,0.1928017632805049
C01,"French Defense: Exchange Variation, Monte Carlo Variation",2000-2400,2522,0.4726407613005551,0.1918130362893228
C45,Scotch Game,2000-2400,2514,0.5950676213206046,0.19120458891013384
B12,Caro-Kann Defense,2000-2400,2512,0.5529458598726115,0.1910524770653366
C50,Giuoco Piano,2000-2400,2489,0.4616311771795902,0.1893031908501683
C02,"French Defense: Advance Variation, Paulsen Attack",2000-2400,2481,0.4111245465538089,0.18869474347097934
A46,Indian Game: Spielmann-Indian,2000-2400,2473,0.43348160129397495,0.18808629609179037
D10,Slav Defense: Exchange Variation,2000-2400,2452,0.5261011419249593,0.18648912172141932
D11,Slav Defense: Modern Line,2000-2400,2448,0.6053921568627451,0.18618489803182484
B20,Sicilian Defense: Staunton-Cochrane Variation,2000-2400,2407,0.42874948068134605,0.18306660521348136
A46,Torre Attack #2,2000-2400,2398,0.49791492910758967,0.18238210191189377
A01,Nimzo-Larsen Attack: English Variation,2000-2400,2394,0.4849624060150376,0.1820778782222993
C41,Philidor Defense #2,2000-2400,2380,0.5407563025210084,0.1810130953087186
D02,Queen's Pawn Game: Symmetrical Variation,2000-2400,2379,0.49558638083228246,0.18093703938631997
B50,Sicilian Defense: Delayed Alapin,2000-2400,2362,0.5076206604572396,0.1796440887055434
C10,French Defense: Rubinstein Variation,2000-2400,2360,0.5690677966101695,0.17949197686074617
A21,"English Opening: King's English Variation, Reversed Sicilian",2000-2400,2346,0.572463768115942,0.17842719394716547
A10,English Opening: Anglo-Scandinavian Defense,2000-2400,2346,0.5460358056265985,0.17842719394716547
A56,Benoni Defense,2000-2400,2343,0.3862569355527102,0.1781990261799696
A00,Hungarian Opening: Symmetrical Variation,2000-2400,2330,0.4553648068669528,0.17721029918878753
D20,Queen's Gambit Accepted,2000-2400,2322,0.5796726959517657,0.17660185180959856
C20,King's Pawn Game: Leonardis Variation,2000-2400,2318,0.4016393442622951,0.17629762812000407
A49,East Indian Defense,2000-2400,2305,0.40824295010845985,0.175308901128822
B00,"Nimzowitsch Defense: Kennedy Variation, Linksspringer Variation",2000-2400,2300,0.4217391304347826,0.1749286215168289
A48,London System,2000-2400,2232,0.4753584229390681,0.16975681879372265
B03,Alekhine Defense: Exchange Variation,2000-2400,2209,0.4273426889995473,0.16800753257855436
A05,King's Indian Attack: Symmetrical Defense,2000-2400,2190,0.506392694063927,0.16656247005298055
D37,Queen's Gambit Declined: Three Knights Variation,2000-2400,2170,0.5225806451612903,0.16504135160500813
B32,Sicilian Defense: Open #3,2000-2400,2166,0.5761772853185596,0.16473712791541364
A41,Old Indian Defense,2000-2400,2160,0.5305555555555556,0.16428079238102192
B07,Pirc Defense #2,2000-2400,2157,0.4747334260547056,0.16405262461382605
C21,Danish Gambit,2000-2400,2125,0.5501176470588235,0.16161883509707017
D00,Queen's Pawn Game #3,2000-2400,2115,0.42505910165484634,0.16085827587308396
C46,Three Knights Opening,2000-2400,2109,0.5571360834518729,0.16040194033869223
C41,Philidor Defense,2000-2400,2107,0.7005220692928334,0.160249828493895
E61,King's Indian Defense,2000-2400,2078,0.4095283926852743,0.15804420674433498
B40,Sicilian Defense: Delayed Alapin Variation,2000-2400,2074,0.4493731918997107,0.1577399830547405
B18,Caro-Kann Defense: Classical Variation,2000-2400,2066,0.4941916747337851,0.15713153567555152
B12,"Caro-Kann Defense: Advance Variation, Short Variation",2000-2400,2051,0.4641638225255973,0.1559906968395722
B90,Sicilian Defense: Najdorf Variation,2000-2400,2049,0.40702781844802344,0.15583858499477496
B07,Pirc Defense #3,2000-2400,2039,0.4948504168710152,0.15507802577078875
A46,Indian Game: London System,2000-2400,2003,0.48427358961557665,0.15234001256443838
E60,"King's Indian Defense: Normal Variation, King's Knight Variation",2000-2400,1999,0.46023011505752875,0.1520357888748439
A04,Zukertort Opening: Black Mustang Defense,2000-2400,1989,0.6038210155857214,0.15127522965085768
A51,Indian Game: Budapest Defense,2000-2400,1988,0.38380281690140844,0.15119917372845906
C55,Italian Game: Anti-Fried Liver Defense,2000-2400,1986,0.6847935548841894,0.15104706188366182
A43,Benoni Defense: Benoni Gambit Accepted,2000-2400,1984,0.39163306451612906,0.15089495003886458
B44,Sicilian Defense: Paulsen Variation,2000-2400,1983,0.46142208774583965,0.15081889411646596
B27,Sicilian Defense: Hyperaccelerated Dragon,2000-2400,1968,0.4166666666666667,0.14967805528048664
B34,"Sicilian Defense: Accelerated Dragon, Modern Variation",2000-2400,1955,0.41790281329923273,0.14868932828930456
A40,Mikenas Defense,2000-2400,1953,0.48131080389144903,0.14853721644450732
B10,Caro-Kann Defense: Breyer Variation,2000-2400,1951,0.4269605330599692,0.14838510459971008
A00,Hungarian Opening: Sicilian Invitation,2000-2400,1930,0.47253886010362695,0.14678793022933903
A00,Hungarian Opening: Catalan Formation,2000-2400,1923,0.5039001560062403,0.14625553877254868
A40,"Englund Gambit Declined, Reversed French",2000-2400,1916,0.5036534446764092,0.14572314731575833
D04,Queen's Pawn Game: Colle System,2000-2400,1911,0.45682888540031397,0.14534286770376523
B00,Nimzowitsch Defense,2000-2400,1903,0.41933788754598006,0.14473442032457626
A43,Benoni Defense: Old Benoni,2000-2400,1899,0.4939441811479726,0.14443019663498177
A01,Nimzo-Larsen Attack: Modern Variation #2,2000-2400,1890,0.5708994708994709,0.14374569333339418
B54,Sicilian Defense #2,2000-2400,1886,0.5662778366914104,0.1434414696437997
A85,Dutch Defense: Queen's Knight Variation,2000-2400,1882,0.4638682252922423,0.1431372459542052
D35,"Queen's Gambit Declined: Exchange Variation, Positional Variation #2",2000-2400,1878,0.6022364217252396,0.14283302226461073
D45,Semi-Slav Defense: Main Line,2000-2400,1873,0.5493860117458622,0.14245274265261762
C27,Vienna Game,2000-2400,1849,0.6343969713358573,0.1406274005150507
E90,"King's Indian Defense: Normal Variation, Rare Defenses",2000-2400,1846,0.46912242686890576,0.14039923274785485
D20,Queen's Gambit Accepted: Old Variation,2000-2400,1834,0.6379498364231189,0.1394865616790714
B02,Alekhine Defense: Maroczy Variation,2000-2400,1829,0.4073264078731547,0.13910628206707829
C45,Scotch Game: Classical Variation,2000-2400,1827,0.48440065681444994,0.13895417022228104
B00,King's Pawn,2000-2400,1813,0.9564258135686707,0.13788938730870035
A46,Torre Attack,2000-2400,1811,0.5223633351739371,0.1377372754639031
D02,Queen's Pawn Game: Krause Variation,2000-2400,1809,0.5207296849087893,0.13758516361910586
B06,Modern Defense: Standard Line,2000-2400,1800,0.6322222222222222,0.13690066031751827
A53,Old Indian Defense,2000-2400,1782,0.4186307519640853,0.13553165371434306
D35,Queen's Gambit Declined: Normal Defense,2000-2400,1774,0.44983089064261556,0.13492320633515412
C10,"French Defense: Rubinstein Variation, Blackburne Defense",2000-2400,1770,0.4937853107344633,0.13461898264555963
A00,Grob Opening,2000-2400,1769,0.4578858111927643,0.134542926723161
C55,"Italian Game: Two Knights Defense, Modern Bishop's Opening",2000-2400,1768,0.4581447963800905,0.1344668708007624
D02,"Queen's Pawn Game: Symmetrical Variation, Pseudo-Catalan",2000-2400,1761,0.5082339579784213,0.13393447934397204
A02,Bird Opening: From's Gambit,2000-2400,1743,0.42570281124497994,0.13256547274079686
C30,King's Gambit,2000-2400,1737,0.6787564766839378,0.1321091372064051
B22,"Sicilian Defense: Alapin Variation, Smith-Morra Declined",2000-2400,1737,0.45135290731145655,0.1321091372064051
B45,Sicilian Defense: Four Knights Variation,2000-2400,1735,0.43515850144092216,0.1319570253616079
A04,Zukertort Opening: Queenside Fianchetto Variation,2000-2400,1733,0.6335833814195038,0.13180491351681065
C50,Italian Game,2000-2400,1729,0.6217466743782534,0.13150068982721616
C42,Russian Game: Three Knights Game,2000-2400,1711,0.5225014611338399,0.13013168322404098
C11,"French Defense: Classical Variation, Steinitz Variation",2000-2400,1710,0.5058479532163743,0.13005562730164236
C64,Ruy Lopez: Classical Variation,2000-2400,1682,0.4887039239001189,0.12792606147448093
B52,"Sicilian Defense: Canal Attack, Main Line",2000-2400,1682,0.49048751486325803,0.12792606147448093
E91,King's Indian Defense: Orthodox Variation,2000-2400,1678,0.5524433849821215,0.12762183778488648
C40,Elephant Gambit,2000-2400,1676,0.45823389021479716,0.12746972594008923
C30,"King's Gambit Declined, Queen's Knight Defense",2000-2400,1668,0.591726618705036,0.12686127856090026
C24,Bishop's Opening: Berlin Defense,2000-2400,1639,0.411836485661989,0.12465565681134025
C00,Queen's Pawn Game: Franco-Sicilian Defense,2000-2400,1625,0.5132307692307693,0.12359087389775955
D10,Slav Defense,2000-2400,1614,0.42441140024783147,0.12275425875137472
C46,Four Knights Game: Italian Variation,2000-2400,1601,0.40974391005621486,0.12176553176019263
D05,Colle System,2000-2400,1598,0.4637046307884856,0.12153736399299678
C50,Italian Game: Hungarian Defense,2000-2400,1593,0.4645323289391086,0.12115708438100367
A06,Zukertort Opening: Old Indian Attack,2000-2400,1591,0.5047140163419234,0.12100497253620641
E20,Nimzo-Indian Defense #2,2000-2400,1572,0.5025445292620865,0.11955991001063261
A22,"English Opening: King's English Variation, Two Knights Variation",2000-2400,1568,0.5197704081632653,0.11925568632103814
B06,Modern Defense: Two Knights Variation,2000-2400,1561,0.4509929532351057,0.11872329486424778
A01,Nimzo-Larsen Attack: Modern Variation #4,2000-2400,1559,0.5509942270686338,0.11857118301945055
B01,Scandinavian Defense: Gubinsky-Melts Defense,2000-2400,1556,0.45758354755784064,0.11834301525225467
A42,Sicilian Defense: Hyperaccelerated Fianchetto,2000-2400,1554,0.4337194337194337,0.11819090340745744
C41,Philidor Defense: Exchange Variation #2,2000-2400,1544,0.6709844559585493,0.11743034418347123
A08,King's Indian Attack: French Variation,2000-2400,1541,0.5788449059052563,0.11720217641627535
D08,Queen's Gambit Refused: Albin Countergambit,2000-2400,1529,0.499672988881622,0.11628950534749191
B20,Sicilian Defense: Wing Gambit,2000-2400,1525,0.49245901639344264,0.11598528165789743
B12,"Caro-Kann Defense: Advance Variation, Botvinnik-Carls Defense",2000-2400,1516,0.370712401055409,0.11530077835630982
C65,Ruy Lopez: Berlin Defense #2,2000-2400,1516,0.5428759894459103,0.11530077835630982
B15,Caro-Kann Defense,2000-2400,1507,0.5262110152621101,0.11461627505472223
B00,Caro-Kann Defense: Hillbilly Attack,2000-2400,1506,0.28087649402390436,0.11454021913232361
B02,Alekhine Defense,2000-2400,1485,0.43367003367003365,0.11294304476195258
A41,Rat Defense: English Rat,2000-2400,1481,0.3801485482781904,0.11263882107235808
E20,Nimzo-Indian Defense: Ragozin Variation,2000-2400,1473,0.606245756958588,0.11203037369316911
B90,"Sicilian Defense: Najdorf Variation, English Attack",2000-2400,1471,0.4493541808293678,0.11187826184837187
B00,"Nimzowitsch Defense, Declined Variation",2000-2400,1448,0.4281767955801105,0.11012897563320358
A43,Franco-Benoni Defense,2000-2400,1447,0.5763648928818245,0.11005291971080496
A31,"English Opening: Symmetrical Variation, Anti-Benoni Variation",2000-2400,1442,0.4500693481276006,0.10967264009881185
C00,French Defense: Steiner Variation,2000-2400,1428,0.4572829131652661,0.10860785718523115
A34,"English Opening: Symmetrical Variation, Normal Variation",2000-2400,1411,0.49893692416725727,0.10731490650445459
D01,Queen's Pawn Game: Chigorin Variation,2000-2400,1405,0.3708185053380783,0.10685857097006288
C02,"French Defense: Advance Variation, Euwe Variation",2000-2400,1403,0.3948681397006415,0.10670645912526562
C44,Scotch Game,2000-2400,1399,0.6597569692637598,0.10640223543567115
C02,French Defense: Advance Variation #2,2000-2400,1398,0.4771101573676681,0.10632617951327251
B17,Caro-Kann Defense: Karpov Variation,2000-2400,1397,0.44667143879742305,0.1062501235908739
A00,Gedult's Opening,2000-2400,1391,0.47735442127965494,0.10579378805648217
B53,Sicilian Defense: Chekhover Variation,2000-2400,1383,0.5112075198843095,0.1051853406772932
C47,Four Knights Game: Scotch Variation Accepted,2000-2400,1366,0.49194729136163984,0.10389238999651663
A48,Torre Attack,2000-2400,1363,0.4343360234776229,0.10366422222932077
B56,Sicilian Defense: Classical Variation,2000-2400,1361,0.43791329904481996,0.10351211038452353
A84,Dutch Defense: Rubinstein Variation,2000-2400,1360,0.4117647058823529,0.10343605446212492
C02,"French Defense: Advance Variation, Nimzowitsch System",2000-2400,1350,0.31851851851851853,0.10267549523813871
B00,St. George Defense,2000-2400,1344,0.48288690476190477,0.10221915970374698
C45,Scotch Game: Schmidt Variation,2000-2400,1338,0.3953662182361734,0.10176282416935524
C02,French Defense: Advance Variation,2000-2400,1336,0.36452095808383234,0.101610712324558
B15,Caro-Kann Defense: Main Line,2000-2400,1335,0.5123595505617977,0.10153465640215939
D03,Queen's Pawn Game: Torre Attack,2000-2400,1334,0.525487256371814,0.10145860047976077
B90,"Sicilian Defense: Najdorf, Lipnitsky Attack",2000-2400,1333,0.477119279819955,0.10138254455736213
B22,"Sicilian Defense: Alapin Variation, Barmen Defense",2000-2400,1332,0.4624624624624625,0.10130648863496351
C41,Philidor Defense: Exchange Variation,2000-2400,1325,0.5418867924528302,0.10077409717817318
B32,Sicilian Defense: Open #2,2000-2400,1304,0.47162576687116564,0.09917692280780213
A52,Budapest Defense: Adler Variation,2000-2400,1301,0.45964642582628745,0.09894875504060625
B46,Sicilian Defense: Paulsen Variation,2000-2400,1284,0.5031152647975078,0.09765580435982969
A03,Bird Opening,2000-2400,1275,0.43607843137254904,0.09697130105824212
A40,English Defense,2000-2400,1271,0.5271439811172305,0.09666707736864762
C34,"King's Gambit Accepted, Fischer Defense",2000-2400,1271,0.5696302124311565,0.09666707736864762
B07,Rat Defense: Harmonist,2000-2400,1269,0.4247438928289992,0.09651496552385037
B06,Modern Defense: Three Pawns Attack,2000-2400,1268,0.4645110410094637,0.09643890960145175
C41,Philidor Defense #4,2000-2400,1266,0.5134281200631912,0.09628679775665451
D11,Slav Defense: Modern,2000-2400,1263,0.5336500395882818,0.09605862998945865
B07,King's Pawn Game: Maroczy Defense,2000-2400,1259,0.5472597299444003,0.09575440629986416
B01,Scandinavian Defense: Marshall Variation,2000-2400,1252,0.5,0.09522201484307381
B32,Sicilian Defense: Kalashnikov Variation,2000-2400,1249,0.5084067253803043,0.09499384707587795
B21,"Sicilian Defense: Smith-Morra Gambit Declined, Push Variation",2000-2400,1243,0.47063555913113436,0.09453751154148622
B33,Sicilian Defense: Open,2000-2400,1242,0.37037037037037035,0.0944614556190876
B07,Rat Defense: Antal Defense,2000-2400,1239,0.4995964487489911,0.09423328785189174
B00,"Nimzowitsch Defense: Scandinavian Variation, Advance Variation",2000-2400,1238,0.5008077544426495,0.09415723192949312
B31,"Sicilian Defense: Nyezhmetdinov-Rossolimo Attack, Fianchetto Variation",2000-2400,1237,0.4874696847210994,0.0940811760070945
C50,"Italian Game: Giuoco Pianissimo, Normal",2000-2400,1234,0.41491085899513774,0.09385300823989863
A41,Queen's Pawn Game: Anglo-Slav Opening,2000-2400,1233,0.4720194647201946,0.09377695231750001
B20,Sicilian Defense: Lasker-Dunne Attack,2000-2400,1231,0.5385865150284321,0.09362484047270277
B01,Scandinavian Defense: Blackburne-Kloosterboer Gambit,2000-2400,1222,0.47545008183306053,0.09294033717111518
C05,"French Defense: Tarrasch Variation, Closed Variation",2000-2400,1212,0.4801980198019802,0.09217977794712896
C77,"Ruy Lopez: Morphy Defense, Anderssen Variation",2000-2400,1211,0.4888521882741536,0.09210372202473034
E20,Nimzo-Indian Defense,2000-2400,1206,0.42205638474295193,0.09172344241273724
E81,"King's Indian Defense: Saemisch Variation, Normal Defense",2000-2400,1204,0.48588039867109634,0.09157133056793999
C60,Ruy Lopez: Cozio Defense,2000-2400,1202,0.5574043261231281,0.09141921872314275
C44,Scotch Game: Scotch Gambit,2000-2400,1199,0.6447039199332777,0.09119105095594689
C40,Elephant Gambit: Paulsen Countergambit,2000-2400,1194,0.4103852596314908,0.09081077134395378
C61,Ruy Lopez: Bird Variation,2000-2400,1190,0.5815126050420169,0.0905065476543593
B12,Caro-Kann Defense: Maroczy Variation,2000-2400,1190,0.5084033613445378,0.0905065476543593
A46,Yusupov-Rubinstein System,2000-2400,1184,0.4391891891891892,0.09005021211996757
B02,Alekhine Defense: Normal Variation,2000-2400,1183,0.3981403212172443,0.08997415619756895
A43,Old Benoni Defense #2,2000-2400,1178,0.5483870967741935,0.08959387658557584
E70,King's Indian Defense: Normal Variation,2000-2400,1175,0.5157446808510638,0.08936570881837998
D35,Queen's Gambit Declined: Exchange Variation,2000-2400,1174,0.5442930153321976,0.08928965289598136
A65,Benoni Defense: King's Pawn Line,2000-2400,1174,0.4497444633730835,0.08928965289598136
B20,Sicilian Defense: Snyder Variation,2000-2400,1171,0.45345858240819814,0.08906148512878549
A04,Zukertort Opening: Dutch Variation,2000-2400,1167,0.5664095972579263,0.08875726143919101
D53,Queen's Gambit Declined: 4.Bg5 Be7,2000-2400,1162,0.5232358003442341,0.0883769818271979
B13,Caro-Kann Defense: Panov Attack #2,2000-2400,1160,0.5189655172413793,0.08822486998240066
D00,Blackmar-Diemer Gambit,2000-2400,1157,0.49265341400172863,0.0879967022152048
B27,Sicilian Defense: Hyperaccelerated Pterodactyl,2000-2400,1156,0.3728373702422145,0.08792064629280617
A17,"English Opening: Anglo-Indian Defense, Hedgehog System",2000-2400,1154,0.451473136915078,0.08776853444800893
B00,Duras Gambit,2000-2400,1150,0.5678260869565217,0.08746431075841445
E00,Indian Game: East Indian Defense,2000-2400,1150,0.39304347826086955,0.08746431075841445
C50,"Italian Game: Giuoco Pianissimo, Italian Four Knights Variation",2000-2400,1149,0.47693646649260224,0.08738825483601582
C53,"Italian Game: Classical Variation, Giuoco Pianissimo",2000-2400,1141,0.5565293602103418,0.08677980745682685
C10,French Defense: Paulsen Variation,2000-2400,1138,0.5667838312829525,0.08655163968963099
C03,French Defense: Tarrasch Variation,2000-2400,1134,0.5881834215167548,0.0862474160000365
A49,Indian Game: Przepiorka Variation,2000-2400,1128,0.5106382978723404,0.08579108046564478
B01,Scandinavian Defense: Blackburne Gambit,2000-2400,1125,0.49066666666666664,0.08556291269844891
D00,Queen's Pawn Game: Stonewall Attack,2000-2400,1121,0.5066904549509367,0.08525868900885443
C42,Russian Game: Urusov Gambit,2000-2400,1120,0.46964285714285714,0.08518263308645581
C00,French Defense: Steinitz Attack,2000-2400,1119,0.40125111706881145,0.08510657716405719
A25,"English Opening: King's English Variation, Reversed Closed Sicilian",2000-2400,1118,0.47137745974955275,0.08503052124165857
B02,Alekhine Defense: John Tracy Gambit,2000-2400,1115,0.3542600896860987,0.0848023534744627
E32,Nimzo-Indian Defense: Classical Variation,2000-2400,1110,0.46846846846846846,0.0844220738624696
C34,"King's Gambit Accepted, MacLeod Defense",2000-2400,1108,0.6371841155234657,0.08426996201767235
C25,Vienna Game: Max Lange Defense,2000-2400,1107,0.5194218608852755,0.08419390609527373
D85,Gruenfeld Defense: Exchange Variation,2000-2400,1105,0.43619909502262444,0.08404179425047649
A44,Old Benoni Defense,2000-2400,1103,0.40525838621940163,0.08388968240567925
C68,Ruy Lopez: Exchange Variation,2000-2400,1099,0.4222020018198362,0.08358545871608476
A10,English Opening: Anglo-Dutch Defense,2000-2400,1098,0.5300546448087432,0.08350940279368614
A41,Modern Defense,2000-2400,1095,0.4045662100456621,0.08328123502649028
E21,Nimzo-Indian Defense: Three Knights Variation,2000-2400,1092,0.4908424908424908,0.08305306725929441
A57,Benko Gambit,2000-2400,1088,0.3547794117647059,0.08274884356969993
D13,Slav Defense: Exchange Variation,2000-2400,1084,0.47509225092250923,0.08244461988010544
A42,Modern Defense: Averbakh Variation,2000-2400,1083,0.4986149584487535,0.08236856395770682
B15,Caro-Kann Defense: Tartakower Variation,2000-2400,1081,0.47733580018501387,0.08221645211290958
D05,Colle System #2,2000-2400,1080,0.5398148148148149,0.08214039619051096
B51,Sicilian Defense: Canal-Sokolsky Attack,2000-2400,1079,0.4911955514365153,0.08206434026811234
C55,Italian Game: Two Knights Defense,2000-2400,1078,0.4294990723562152,0.08198828434571372
B70,Sicilian Defense: Dragon Variation,2000-2400,1077,0.3983286908077994,0.0819122284233151
A15,"English Opening: Anglo-Indian Defense, King's Indian Formation",2000-2400,1075,0.5116279069767442,0.08176011657851785
A06,Nimzowitsch-Larsen Attack,2000-2400,1071,0.5704948646125116,0.08145589288892337
D00,Queen's Pawn Game: Chigorin Variation,2000-2400,1057,0.4588457899716178,0.08039110997534267
B57,"Sicilian Defense: Modern Variations, Main Line",2000-2400,1055,0.3791469194312796,0.08023899813054543
B45,"Sicilian Defense: Paulsen Variation, Normal Variation",2000-2400,1040,0.5538461538461539,0.07909815929456611
C45,"Scotch Game: Scotch Gambit, Advance Variation",2000-2400,1039,0.4590952839268527,0.07902210337216749
C00,French Defense: Chigorin Variation,2000-2400,1036,0.5801158301158301,0.07879393560497162
A00,Ware Opening,2000-2400,1031,0.4364694471387003,0.07841365599297852
B07,Czech Defense,2000-2400,1031,0.4568380213385063,0.07841365599297852
A01,Nimzo-Larsen Attack: Modern Variation #3,2000-2400,1026,0.4395711500974659,0.07803337638098541
B01,"Scandinavian Defense: Main Line, Mieses Variation",2000-2400,1025,0.4634146341463415,0.07795732045858679
E76,King's Indian Defense: Four Pawns Attack,2000-2400,1017,0.4582104228121927,0.07734887307939782
A09,Reti Opening,2000-2400,1014,0.5897435897435898,0.07712070531220196
C40,King's Pawn Game: Busch-Gass Gambit,2000-2400,1005,0.7223880597014926,0.07643620201061437
E10,Indian Game: Anti-Nimzo-Indian,2000-2400,1005,0.5383084577114428,0.07643620201061437
A40,Englund Gambit Complex: Hartlaub-Charlick Gambit,2000-2400,1005,0.5213930348258706,0.07643620201061437
B41,"Sicilian Defense: Kan Variation, Maroczy Bind, Reti Variation",2000-2400,1003,0.45663010967098705,0.07628409016581712
E77,King's Indian Defense: Six Pawns Attack,2000-2400,1002,0.4281437125748503,0.0762080342434185
C25,Vienna Game: Vienna Gambit,2000-2400,1000,0.619,0.07605592239862126
C02,"French Defense: Advance Variation, Milner-Barry Gambit",2000-2400,999,0.4864864864864865,0.07597986647622264
A57,Benoni Defense: Hromadka System,2000-2400,997,0.4944834503510532,0.0758277546314254
C11,"French Defense: Steinitz Variation, Boleslavsky Variation",2000-2400,997,0.5426278836509528,0.0758277546314254
D55,"Queen's Gambit Declined: Modern Variation, Normal Line",2000-2400,992,0.49193548387096775,0.07544747501943229
B41,Sicilian Defense: Kan Variation,2000-2400,983,0.3723296032553408,0.0747629717178447
A00,Mieses Opening: Reversed Rat,2000-2400,976,0.48975409836065575,0.07423058026105435
A15,"English Opening: Anglo-Indian Defense, King's Knight Variation",2000-2400,974,0.5657084188911704,0.0740784684162571
C05,"French Defense: Tarrasch Variation, Closed Variation #2",2000-2400,961,0.5515088449531738,0.07308974142507503
B53,"Sicilian Defense: Modern Variations, Tartakower",2000-2400,958,0.5052192066805845,0.07286157365787917
A45,Indian Game: Tartakower Attack,2000-2400,957,0.4148380355276907,0.07278551773548055
A04,Zukertort Opening: Ross Gambit,2000-2400,950,0.5852631578947368,0.0722531262786902
C20,King's Pawn Game,2000-2400,948,0.28270042194092826,0.07210101443389295
B40,Sicilian Defense: Smith-Morra Gambit Deferred,2000-2400,933,0.4533762057877814,0.07096017559791364
B03,Alekhine Defense,2000-2400,930,0.38387096774193546,0.07073200783071777
B23,Sicilian Defense: Closed #2,2000-2400,927,0.5253505933117584,0.07050384006352191
A13,English Opening: Agincourt Defense #2,2000-2400,923,0.580715059588299,0.07019961637392742
D10,Slav Defense #3,2000-2400,920,0.5195652173913043,0.06997144860673156
B24,"Sicilian Defense: Closed Variation, Fianchetto Variation",2000-2400,919,0.602829162132753,0.06989539268433294
C41,Philidor Defense: Lion Variation,2000-2400,916,0.40720524017467247,0.06966722491713707
C28,Bishop's Opening: Vienna Hybrid,2000-2400,914,0.5656455142231948,0.06951511307233983
A06,Reti Opening,2000-2400,905,0.48287292817679556,0.06883060977075224
A40,Englund Gambit Complex: Englund Gambit,2000-2400,902,0.47117516629711753,0.06860244200355638
B76,"Sicilian Defense: Dragon Variation, Yugoslav Attack, Modern Line",2000-2400,895,0.4871508379888268,0.06807005054676603
B20,Sicilian Defense: Mengarini Variation,2000-2400,895,0.46256983240223465,0.06807005054676603
A35,"English Opening: Symmetrical Variation, Two Knights Variation",2000-2400,894,0.5156599552572707,0.06799399462436741
A52,Budapest Defense: Rubinstein Variation,2000-2400,891,0.6026936026936027,0.06776582685717153
C02,French Defense: Advance Variation #3,2000-2400,890,0.5235955056179775,0.06768977093477292
C50,Four Knights Game: Italian Variation,2000-2400,889,0.41732283464566927,0.0676137150123743
B02,Alekhine Defense: Saemisch Attack,2000-2400,881,0.5607264472190693,0.06700526763318532
B18,"Caro-Kann Defense: Classical Variation, Main Line",2000-2400,880,0.5170454545454546,0.06692921171078671
A45,Indian Game: Omega Gambit,2000-2400,879,0.37656427758816835,0.06685315578838809
B24,Sicilian Defense: Closed #2,2000-2400,875,0.5131428571428571,0.0665489320987936
A00,Kadas Opening,2000-2400,871,0.48679678530424797,0.0662447084091991
B01,Scandinavian Defense: Panov Transfer,2000-2400,870,0.39770114942528734,0.0661686524868005
E61,King's Indian Defense: Smyslov Variation,2000-2400,861,0.44831591173054586,0.06548414918521289
B02,Alekhine Defense: Two Pawn Attack,2000-2400,859,0.459837019790454,0.06533203734041566
C02,"French Defense: Advance Variation, Main Line",2000-2400,857,0.5227537922987164,0.06517992549561842
D31,Semi-Slav Defense: Marshall Gambit,2000-2400,856,0.616822429906542,0.06510386957321979
C28,Vienna Game: Vienna Gambit,2000-2400,853,0.6365767878077374,0.06487570180602394
D02,Queen's Pawn Game: Anti-Torre,2000-2400,848,0.6261792452830188,0.06449542219403083
C20,English Opening: The Whale,2000-2400,846,0.4397163120567376,0.06434331034923357
B00,"Nimzowitsch Defense: Scandinavian Variation, Exchange Variation",2000-2400,845,0.4757396449704142,0.06426725442683497
E10,Blumenfeld Countergambit #2,2000-2400,843,0.48279952550415184,0.06411514258203772
C45,Scotch Game: Haxo Gambit,2000-2400,840,0.5666666666666667,0.06388697481484186
D02,Queen's Gambit Refused: Baltic Defense,2000-2400,837,0.5806451612903226,0.063658807047646
B92,"Sicilian Defense: Najdorf Variation, Opocensky Variation",2000-2400,836,0.44138755980861244,0.06358275112524736
A09,Reti Opening: Reti Accepted,2000-2400,836,0.680622009569378,0.06358275112524736
D06,Queen's Gambit Refused: Austrian Defense,2000-2400,834,0.5491606714628298,0.06343063928045013
C44,King's Knight Opening: Normal Variation,2000-2400,832,0.34134615384615385,0.06327852743565289
B35,"Sicilian Defense: Accelerated Dragon, Modern Bc4 Variation",2000-2400,821,0.4993909866017052,0.06244191228926805
A01,Nimzo-Larsen Attack: Symmetrical Variation,2000-2400,817,0.5936352509179926,0.06213768859967357
C50,Italian Game: Schilling-Kostic Gambit,2000-2400,811,0.4759556103575832,0.06168135306528184
E30,Nimzo-Indian Defense: Leningrad Variation,2000-2400,807,0.40644361833952913,0.06137712937568736
C40,King's Pawn Game: McConnell Defense,2000-2400,807,0.7410161090458488,0.06137712937568736
A00,Anderssen Opening,2000-2400,806,0.41811414392059554,0.06130107345328873
B14,Caro-Kann Defense: Panov Attack,2000-2400,806,0.5,0.06130107345328873
C00,French Defense: Wing Gambit,2000-2400,799,0.5519399249061326,0.06076868199649839
B28,"Sicilian Defense: O'Kelly Variation, Normal System",2000-2400,797,0.3739021329987453,0.060616570151701146
B36,Sicilian Defense: Accelerated Dragon,2000-2400,796,0.4045226130653266,0.06054051422930252
B00,Nimzowitsch Defense: Williams Variation,2000-2400,794,0.4622166246851385,0.06038840238450528
A42,"Modern Defense: Averbakh System, Kotov Variation",2000-2400,794,0.44080604534005036,0.06038840238450528
D11,Slav Defense: Quiet Variation,2000-2400,792,0.5202020202020202,0.06023629053970804
C10,French Defense: Marshall Variation,2000-2400,790,0.6303797468354431,0.0600841786949108
C00,"French Defense: Horwitz Attack, Papa-Ticulat Gambit",2000-2400,787,0.5514612452350699,0.059856010927714934
D44,Queen's Gambit Declined: Vienna Variation,2000-2400,787,0.5743329097839899,0.059856010927714934
B01,Scandinavian Defense: Portuguese Variation,2000-2400,784,0.38010204081632654,0.05962784316051907
A58,"Benko Gambit Accepted, Fully Accepted Variation",2000-2400,784,0.4413265306122449,0.05962784316051907
D50,Queen's Gambit Declined: Modern Variation,2000-2400,783,0.5274584929757343,0.05955178723812044
B38,"Sicilian Defense: Accelerated Dragon, Maroczy Bind",2000-2400,780,0.5551282051282052,0.059323619470924585
A00,Hungarian Opening: Reversed Alekhine,2000-2400,778,0.5719794344473008,0.059171507626127336
D15,Slav Defense: Chameleon Variation,2000-2400,773,0.46959896507115134,0.05879122801413423
B12,"Caro-Kann Defense: Advance Variation, Bayonet Attack",2000-2400,770,0.4844155844155844,0.05856306024693837
C02,French Defense: Advance Variation #4,2000-2400,766,0.29765013054830286,0.05825883655734388
E06,Catalan Opening: Closed Variation,2000-2400,763,0.5674967234600262,0.05803066879014802
A45,Canard Opening,2000-2400,758,0.36147757255936674,0.05765038917815491
A60,Benoni Defense: Modern Variation,2000-2400,758,0.4129287598944591,0.05765038917815491
C53,Italian Game: Classical Variation #2,2000-2400,757,0.582562747688243,0.057574333255756296
B40,"Sicilian Defense: French Variation, Normal",2000-2400,755,0.423841059602649,0.057422221410959054
B10,Caro-Kann Defense #2,2000-2400,754,0.5490716180371353,0.05734616548856043
B03,Alekhine Defense #2,2000-2400,754,0.46021220159151194,0.05734616548856043
C50,Italian Game: Giuoco Pianissimo,2000-2400,753,0.4077025232403719,0.057270109566161805
A13,English Opening: Agincourt Defense #3,2000-2400,753,0.602921646746348,0.057270109566161805
C44,Ponziani Opening: Jaenisch Counterattack,2000-2400,752,0.4587765957446808,0.05719405364376319
A09,Reti Opening: Advance Variation,2000-2400,748,0.5962566844919787,0.0568898299541687
D85,"Gruenfeld Defense: Exchange Variation, Modern Exchange Variation",2000-2400,747,0.43105756358768405,0.056813774031770084
B01,Scandinavian Defense: Icelandic-Palme Gambit,2000-2400,744,0.4475806451612903,0.05658560626457421
D12,"Slav Defense: Quiet Variation, Pin Defense",2000-2400,736,0.48097826086956524,0.05597715888538524
C20,Bishop's Opening: Boi Variation,2000-2400,736,0.4796195652173913,0.05597715888538524
B40,Sicilian Defense: Kramnik Variation,2000-2400,732,0.43989071038251365,0.055672935195790765
B06,Modern Defense: Geller's System,2000-2400,728,0.41895604395604397,0.05536871150619627
B06,Modern Defense: Pseudo-Austrian Attack,2000-2400,727,0.517193947730399,0.05529265558379766
B10,Caro-Kann Defense: Accelerated Panov Attack #2,2000-2400,726,0.5068870523415978,0.05521659966139903
C35,"King's Gambit Accepted, Cunningham Defense",2000-2400,725,0.5089655172413793,0.05514054373900042
D15,Slav Defense: Schlechter Variation,2000-2400,720,0.5569444444444445,0.05476026412700731
C30,"King's Gambit Declined, Classical Variation",2000-2400,719,0.4853963838664812,0.05468420820460868
B40,"Sicilian Defense: French Variation, Open",2000-2400,719,0.46453407510431155,0.05468420820460868
C58,"Italian Game: Two Knights Defense, Polerio Defense, Bishop Check Line",2000-2400,719,0.4561891515994437,0.05468420820460868
C36,King's Gambit Accepted: Modern Defense #2,2000-2400,716,0.5586592178770949,0.05445604043741282
A04,Zukertort Opening: Nimzo-Larsen Variation,2000-2400,715,0.5314685314685315,0.054379984515014204
C44,Ponziani Opening,2000-2400,712,0.5014044943820225,0.05415181674781834
A06,Zukertort Opening: Reversed Mexican Defense,2000-2400,710,0.5887323943661972,0.0539997049030211
B42,"Sicilian Defense: Kan Variation, Modern Variation",2000-2400,709,0.46403385049365303,0.05392364898062247
C44,Scotch Game: Goering Gambit,2000-2400,702,0.5826210826210826,0.05339125752383213
D94,"Gruenfeld Defense: Three Knights Variation, Burille Variation",2000-2400,701,0.39372325249643364,0.0533152016014335
D35,Queen's Gambit Declined: Harrwitz Attack,2000-2400,697,0.49784791965566716,0.05301097791183902
B21,"Sicilian Defense: Smith-Morra Gambit Declined, Scandinavian Formation",2000-2400,693,0.443001443001443,0.05270675422224453
A14,"English Opening: Agincourt Defense, Neo-Catalan Declined",2000-2400,688,0.5625,0.052326474610251424
A13,"English Opening: Agincourt Defense, Catalan Defense, Semi-Slav Defense",2000-2400,685,0.6408759124087591,0.05209830684305557
B95,Sicilian Defense: Najdorf Variation,2000-2400,685,0.4,0.05209830684305557
C46,Four Knights Game,2000-2400,681,0.42143906020558003,0.051794083153461075
B33,"Sicilian Defense: Lasker-Pelikan Variation, Sveshnikov Variation, Chelyabinsk Variation",2000-2400,679,0.47128129602356406,0.05164197130866383
A40,"Englund Gambit Declined, Reversed Alekhine",2000-2400,679,0.5802650957290133,0.05164197130866383
A22,English Opening: Carls-Bremen System,2000-2400,678,0.5442477876106194,0.05156591538626521
A50,Mexican Defense,2000-2400,677,0.34268833087149186,0.0514898594638666
C25,Vienna Game: Anderssen Defense,2000-2400,675,0.5896296296296296,0.051337747619069354
B33,Sicilian Defense: Lasker-Pelikan Variation,2000-2400,675,0.45925925925925926,0.051337747619069354
D08,"Queen's Gambit Refused: Albin Countergambit, Normal Line",2000-2400,675,0.5051851851851852,0.051337747619069354
B80,"Sicilian Defense: Scheveningen Variation, English Attack #2",2000-2400,674,0.4258160237388724,0.051261691696670726
C21,"Danish Gambit Declined, Sorensen Defense",2000-2400,674,0.4732937685459941,0.051261691696670726
B01,Scandinavian Defense: Modern Variation,2000-2400,674,0.5519287833827893,0.051261691696670726
B13,"Caro-Kann Defense: Panov Attack, Modern Defense, Mieses Line",2000-2400,674,0.4391691394658754,0.051261691696670726
A45,"Trompowsky Attack: Classical Defense, Big Center Variation",2000-2400,660,0.5106060606060606,0.050196908783090036
C44,Scotch Game: Benima Defense,2000-2400,653,0.55895865237366,0.04966451732629968
B02,"Alekhine Defense: Two Pawn Attack, Lasker Variation",2000-2400,653,0.45329249617151607,0.04966451732629968
A45,Trompowsky Attack: Classical Defense,2000-2400,648,0.5,0.049284237714306574
C70,"Ruy Lopez: Morphy Defense, Caro Variation",2000-2400,645,0.6155038759689923,0.04905606994711072
B34,"Sicilian Defense: Accelerated Dragon, Exchange Variation",2000-2400,644,0.38664596273291924,0.04898001402471209
B94,Sicilian Defense: Najdorf Variation,2000-2400,644,0.5263975155279503,0.04898001402471209
A00,Clemenz Opening,2000-2400,642,0.43613707165109034,0.048827902179914846
C42,Russian Game: Nimzowitsch Attack,2000-2400,639,0.5039123630672926,0.04859973441271898
B20,"Sicilian Defense: Wing Gambit, Marshall Variation",2000-2400,637,0.4976452119309262,0.04844762256792174
D80,Gruenfeld Defense,2000-2400,636,0.4009433962264151,0.04837156664552312
B02,"Alekhine Defense: Scandinavian Variation, Geschev Gambit",2000-2400,636,0.43238993710691825,0.04837156664552312
B12,"Caro-Kann Defense: Advance Variation, Tal Variation",2000-2400,636,0.529874213836478,0.04837156664552312
B21,Sicilian Defense: Morphy Gambit,2000-2400,635,0.46614173228346456,0.048295510723124505
C42,Petrov's Defense,2000-2400,630,0.44761904761904764,0.0479152311111314
E61,Indian Game: West Indian Defense,2000-2400,630,0.32222222222222224,0.0479152311111314
C66,"Ruy Lopez: Berlin Defense, Improved Steinitz Defense",2000-2400,623,0.6115569823434992,0.04738283965434104
C20,King's Pawn Game: Macleod Attack,2000-2400,622,0.4212218649517685,0.04730678373194242
D32,Tarrasch Defense: Symmetrical Variation,2000-2400,622,0.46141479099678456,0.04730678373194242
C53,"Italian Game: Classical Variation, Albin Gambit",2000-2400,615,0.5300813008130081,0.04677439227515207
C64,"Ruy Lopez: Classical Variation, Central Variation",2000-2400,612,0.5359477124183006,0.04654622450795621
A50,Slav Indian,2000-2400,611,0.4075286415711948,0.04647016858555759
B07,Pirc Defense: Byrne Variation,2000-2400,610,0.5016393442622951,0.046394112663158966
C41,Philidor Defense: Exchange Variation #3,2000-2400,608,0.6118421052631579,0.046242000818361724
B10,"Caro-Kann Defense: Accelerated Panov Attack, Modern Variation",2000-2400,608,0.46710526315789475,0.046242000818361724
E20,Nimzo-Indian Defense: Kmoch Variation,2000-2400,607,0.5387149917627677,0.0461659448959631
C69,"Ruy Lopez: Exchange Variation, Normal Variation",2000-2400,607,0.5304777594728172,0.0461659448959631
C42,Petrov's Defense #2,2000-2400,606,0.6501650165016502,0.04608988897356448
B12,"Caro-Kann Defense: Advance Variation, Van der Wiel Attack",2000-2400,605,0.4677685950413223,0.04601383305116586
E21,"Nimzo-Indian Defense: Three Knights Variation, Duchamp Variation",2000-2400,603,0.44112769485903813,0.04586172120636862
D01,Richter-Veresov Attack,2000-2400,603,0.45107794361525705,0.04586172120636862
C78,Ruy Lopez: Morphy Defense,2000-2400,601,0.49417637271214643,0.045709609361571375
B80,Sicilian Defense: Scheveningen Variation,2000-2400,600,0.41833333333333333,0.045633553439172754
B00,Barnes Defense,2000-2400,596,0.5385906040268457,0.04532932974957827
C44,"Scotch Game: Goering Gambit, Double Pawn Sacrifice",2000-2400,596,0.5922818791946308,0.04532932974957827
D52,Queen's Gambit Declined,2000-2400,595,0.5109243697478991,0.04525327382717965
A05,King's Indian Attack: Wahls Defense,2000-2400,594,0.49663299663299665,0.04517721790478103
D35,"Queen's Gambit Declined: Exchange Variation, Positional Variation",2000-2400,594,0.5353535353535354,0.04517721790478103
C26,Vienna Game: Stanley Variation,2000-2400,593,0.5075885328836425,0.045101161982382405
B00,Borg Defense,2000-2400,589,0.5297113752122241,0.04479693829278792
C45,"Scotch Game: Classical Variation, Intermezzo Variation",2000-2400,589,0.36502546689303905,0.04479693829278792
B19,"Caro-Kann Defense: Classical, Spassky Variation",2000-2400,588,0.49829931972789115,0.0447208823703893
D31,Semi-Slav Defense: Noteboom Variation,2000-2400,587,0.47700170357751276,0.04464482644799068
C01,"French Defense: Winawer Variation, Delayed Exchange Variation",2000-2400,587,0.4599659284497445,0.04464482644799068
B13,"Caro-Kann Defense: Panov Attack, Modern Defense",2000-2400,584,0.4332191780821918,0.044416658680794814
C11,French Defense: Steinitz Variation #2,2000-2400,577,0.4662045060658579,0.043884267224004465
A43,"Benoni Defense: Benoni-Indian Defense, Kingside Move Order",2000-2400,574,0.44947735191637633,0.0436560994568086
D78,"Neo-Gruenfeld Defense: Classical Variation, Original Defense",2000-2400,573,0.5270506108202443,0.04358004353440998
D00,Blackmar-Diemer Gambit: Gedult Gambit,2000-2400,572,0.4772727272727273,0.04350398761201136
B32,Sicilian Defense: Godiva Variation,2000-2400,572,0.3618881118881119,0.04350398761201136
B08,"Pirc Defense: Classical Variation, Schlechter Variation",2000-2400,572,0.486013986013986,0.04350398761201136
A80,Dutch Defense: Hopton Attack,2000-2400,572,0.5646853146853147,0.04350398761201136
C00,French Defense: Schlechter Variation,2000-2400,571,0.4886164623467601,0.04342793168961274
A80,Dutch Defense: Raphael Variation,2000-2400,570,0.5263157894736842,0.04335187576721412
D91,"Gruenfeld Defense: Three Knights Variation, Petrosian System",2000-2400,567,0.4514991181657848,0.04312370800001825
C41,Philidor Defense: Hanham Variation,2000-2400,566,0.450530035335689,0.04304765207761963
E71,King's Indian Defense: Makogonov Variation,2000-2400,563,0.5275310834813499,0.04281948431042377
C36,"King's Gambit Accepted, Abbazia Defense",2000-2400,560,0.42142857142857143,0.042591316543227904
C48,Four Knights Game: Spanish Variation,2000-2400,555,0.518918918918919,0.0422110369312348
D21,Queen's Gambit Accepted: Rosenthal Variation,2000-2400,551,0.6787658802177858,0.04190681324164031
D12,"Slav Defense: Quiet Variation, Schallopp Defense",2000-2400,551,0.4863883847549909,0.04190681324164031
B47,"Sicilian Defense: Paulsen Variation, Bastrikov Variation",2000-2400,551,0.4010889292196007,0.04190681324164031
D37,Queen's Gambit Declined: Harrwitz Attack,2000-2400,550,0.5327272727272727,0.04183075731924169
B90,"Sicilian Defense: Najdorf Variation, Adams Attack",2000-2400,550,0.5509090909090909,0.04183075731924169
C22,Center Game: Paulsen Attack Variation,2000-2400,548,0.5912408759124088,0.04167864547444445
B21,"Sicilian Defense: Smith-Morra Gambit Accepted, Scheveningen Formation",2000-2400,543,0.4530386740331492,0.04129836586245134
C21,Center Game #2,2000-2400,542,0.7416974169741697,0.04122230994005272
A40,"Englund Gambit Declined, Reversed Krebs",2000-2400,541,0.5360443622920518,0.0411462540176541
B40,"Sicilian Defense: French Variation, Westerinen Attack",2000-2400,541,0.4602587800369686,0.0411462540176541
A27,"English Opening: King's English Variation, Three Knights System",2000-2400,540,0.5407407407407407,0.04107019809525548
A00,Hungarian Opening: Reversed Modern Defense,2000-2400,540,0.48333333333333334,0.04107019809525548
A45,Indian Game: Reversed Chigorin Defense,2000-2400,538,0.4200743494423792,0.04091808625045824
C06,"French Defense: Tarrasch Variation, Closed Variation, Main Line",2000-2400,531,0.4651600753295669,0.04038569479366789
B33,"Sicilian Defense: Lasker-Pelikan Variation, Schlechter Variation",2000-2400,529,0.3799621928166352,0.040233582948870646
B40,Sicilian Defense: Pin Variation,2000-2400,527,0.44212523719165087,0.0400814711040734
B43,"Sicilian Defense: Kan Variation, Wing Attack",2000-2400,526,0.40304182509505704,0.04000541518167478
C01,French Defense: Mediterranean Defense,2000-2400,524,0.5438931297709924,0.03985330333687754
B84,"Sicilian Defense: Scheveningen Variation, Classical Variation",2000-2400,524,0.4351145038167939,0.03985330333687754
B15,Caro-Kann Defense: Rasa-Studier Gambit,2000-2400,523,0.5430210325047801,0.03977724741447892
D07,"Queen's Gambit Refused: Chigorin Defense, Main Line",2000-2400,523,0.5239005736137667,0.03977724741447892
D30,"Queen's Gambit Declined: Tarrasch Defense, Pseudo-Tarrasch",2000-2400,522,0.6187739463601533,0.0397011914920803
C26,Vienna Game: Mieses Variation,2000-2400,519,0.51252408477842,0.03947302372488443
A40,Englund Gambit Complex Declined,2000-2400,517,0.4274661508704062,0.03932091188008719
B06,"Modern Defense: Two Knights Variation, Suttles Variation",2000-2400,516,0.5,0.03924485595768857
E76,"King's Indian Defense: Four Pawns Attack, Dynamic Attack",2000-2400,516,0.46124031007751937,0.03924485595768857
C48,"Four Knights Game: Spanish Variation, Classical Variation",2000-2400,514,0.49221789883268485,0.03909274411289133
C63,Ruy Lopez: Schliemann Defense,2000-2400,513,0.44834307992202727,0.039016688190492706
B16,Caro-Kann Defense: Bronstein-Larsen Variation,2000-2400,511,0.47162426614481406,0.03886457634569546
B12,Caro-Kann Defense #2,2000-2400,511,0.4911937377690802,0.03886457634569546
A07,King's Indian Attack: Yugoslav Variation,2000-2400,510,0.492156862745098,0.03878852042329684
D21,Queen's Gambit Accepted: Normal Variation,2000-2400,510,0.7294117647058823,0.03878852042329684
C20,King's Pawn Game: Wayward Queen Attack,2000-2400,510,0.38823529411764707,0.03878852042329684
D02,"Queen's Gambit Refused: Baltic Defense, Pseudo-Slav",2000-2400,509,0.5540275049115914,0.03871246450089822
B00,Ware Defense,2000-2400,508,0.5728346456692913,0.0386364085784996
C45,Scotch Game: Potter Variation,2000-2400,508,0.5255905511811023,0.0386364085784996
B40,Sicilian Defense: Marshall Counterattack,2000-2400,508,0.5177165354330708,0.0386364085784996
E61,King's Indian Defense: Semi-Classical Variation,2000-2400,508,0.3937007874015748,0.0386364085784996
B01,Scandinavian Defense: Kloosterboer Gambit,2000-2400,507,0.4378698224852071,0.03856035265610098
C16,"French Defense: Winawer Variation, Advance Variation",2000-2400,506,0.5375494071146245,0.03848429673370236
C40,King's Knight Opening,2000-2400,506,0.8102766798418972,0.03848429673370236
E00,Catalan Opening,2000-2400,504,0.5674603174603174,0.038332184888905114
B09,Pirc Defense: Austrian Attack,2000-2400,503,0.5288270377733598,0.03825612896650649
A18,English Opening: Mikenas-Carls Variation #2,2000-2400,502,0.5916334661354582,0.03818007304410787
C34,"King's Gambit Accepted, King's Knight Gambit",2000-2400,502,0.7051792828685259,0.03818007304410787
A57,"Benko Gambit Accepted, Pawn Return Variation",2000-2400,502,0.5318725099601593,0.03818007304410787
A00,Polish Opening: Czech Defense,2000-2400,500,0.43,0.03802796119931063
A00,Van't Kruijs Opening,2400+,1353,0.45602365114560234,1.6867379759144288
A00,Hungarian Opening,2400+,1277,0.5880971025841817,1.5919914229436258
A40,Modern Defense,2400+,995,0.4291457286432161,1.2404318448151197
A43,Old Benoni Defense,2400+,965,0.46113989637305697,1.2030318896950658
A40,Horwitz Defense,2400+,828,0.5664251207729468,1.0322387613134865
A00,Mieses Opening,2400+,777,0.4568854568854569,0.9686588376093949
A45,Indian Game,2400+,760,0.3671052631578947,0.947465529708031
A04,Zukertort Opening: Sicilian Invitation,2400+,726,0.5261707988980716,0.9050789139053033
A40,Queen's Pawn,2400+,685,0.4335766423357664,0.8539656419078964
B01,Scandinavian Defense: Mieses-Kotroc Variation,2400+,581,0.5301204819277109,0.7243124641583764
A04,Zukertort Opening: Kingside Fianchetto,2400+,547,0.4936014625228519,0.6819258483556486
A01,Nimzo-Larsen Attack,2400+,539,0.45083487940630795,0.671952526990301
B06,Modern Defense,2400+,538,0.42379182156133827,0.6707058618196325
D02,Queen's Pawn Game: Zukertort Variation,2400+,535,0.6093457943925233,0.6669658663076271
A00,Hungarian Opening: Slav Formation,2400+,517,0.5338491295938105,0.6445258932355948
A00,Van't Kruijs Opening,<1200,1687,0.4890337877889745,4.994966542310653
C20,King's Pawn Game: Wayward Queen Attack,<1200,1465,0.5829351535836177,4.337656185231243
B01,Scandinavian Defense,<1200,1219,0.4667760459392945,3.609285249008113
C20,King's Pawn Game: Leonardis Variation,<1200,843,0.5136417556346382,2.4960028424231657
C23,Bishop's Opening,<1200,617,0.5348460291734197,1.8268490554864687
D00,Queen's Pawn Game #2,<1200,579,0.45595854922279794,1.7143364718422456
C41,Philidor Defense #2,<1200,506,0.4980237154150198,1.4981938769467638
